mtllib samples.mtl
usemtl steel
# https://github.com/mikedh/trimesh
v -60.00000000 0.00000000 -18.00000000
v -60.00000000 0.00000000 -24.00000000
v 60.00000000 0.00000000 -24.00000000
v 60.00000000 0.00000000 -18.00000000
v -60.00000000 1.76430853 -17.91332508
v -60.00000000 2.35241137 -23.88443344
v 60.00000000 2.35241137 -23.88443344
v 60.00000000 1.76430853 -17.91332508
v -60.00000000 3.51162580 -17.65413505
v -60.00000000 4.68216773 -23.53884673
v 60.00000000 4.68216773 -23.53884673
v 60.00000000 3.51162580 -17.65413505
v -60.00000000 5.22512419 -17.22492604
v -60.00000000 6.96683225 -22.96656806
v 60.00000000 6.96683225 -22.96656806
v 60.00000000 5.22512419 -17.22492604
v -60.00000000 6.88830178 -16.62983159
v -60.00000000 9.18440238 -22.17310878
v 60.00000000 9.18440238 -22.17310878
v 60.00000000 6.88830178 -16.62983159
v -60.00000000 8.48514126 -15.87458276
v -60.00000000 11.31352168 -21.16611034
v 60.00000000 11.31352168 -21.16611034
v 60.00000000 8.48514126 -15.87458276
v -60.00000000 10.00026419 -14.96645302
v -60.00000000 13.33368559 -19.95527070
v 60.00000000 13.33368559 -19.95527070
v 60.00000000 10.00026419 -14.96645302
v -60.00000000 11.41907911 -13.91418816
v -60.00000000 15.22543882 -18.55225088
v 60.00000000 15.22543882 -18.55225088
v 60.00000000 11.41907911 -13.91418816
v -60.00000000 12.72792206 -12.72792206
v -60.00000000 16.97056275 -16.97056275
v 60.00000000 16.97056275 -16.97056275
v 60.00000000 12.72792206 -12.72792206
v -60.00000000 13.91418816 -11.41907911
v -60.00000000 18.55225088 -15.22543882
v 60.00000000 18.55225088 -15.22543882
v 60.00000000 13.91418816 -11.41907911
v -60.00000000 14.96645302 -10.00026419
v -60.00000000 19.95527070 -13.33368559
v 60.00000000 19.95527070 -13.33368559
v 60.00000000 14.96645302 -10.00026419
v -60.00000000 15.87458276 -8.48514126
v -60.00000000 21.16611034 -11.31352168
v 60.00000000 21.16611034 -11.31352168
v 60.00000000 15.87458276 -8.48514126
v -60.00000000 16.62983159 -6.88830178
v -60.00000000 22.17310878 -9.18440238
v 60.00000000 22.17310878 -9.18440238
v 60.00000000 16.62983159 -6.88830178
v -60.00000000 17.22492604 -5.22512419
v -60.00000000 22.96656806 -6.96683225
v 60.00000000 22.96656806 -6.96683225
v 60.00000000 17.22492604 -5.22512419
v -60.00000000 17.65413505 -3.51162580
v -60.00000000 23.53884673 -4.68216773
v 60.00000000 23.53884673 -4.68216773
v 60.00000000 17.65413505 -3.51162580
v -60.00000000 17.91332508 -1.76430853
v -60.00000000 23.88443344 -2.35241137
v 60.00000000 23.88443344 -2.35241137
v 60.00000000 17.91332508 -1.76430853
v -60.00000000 18.00000000 -0.00000000
v -60.00000000 24.00000000 -0.00000000
v 60.00000000 24.00000000 0.00000000
v 60.00000000 18.00000000 0.00000000
v -60.00000000 17.91332508 1.76430853
v -60.00000000 23.88443344 2.35241137
v 60.00000000 23.88443344 2.35241137
v 60.00000000 17.91332508 1.76430853
v -60.00000000 17.65413505 3.51162580
v -60.00000000 23.53884673 4.68216773
v 60.00000000 23.53884673 4.68216773
v 60.00000000 17.65413505 3.51162580
v -60.00000000 17.22492604 5.22512419
v -60.00000000 22.96656806 6.96683225
v 60.00000000 22.96656806 6.96683225
v 60.00000000 17.22492604 5.22512419
v -60.00000000 16.62983159 6.88830178
v -60.00000000 22.17310878 9.18440238
v 60.00000000 22.17310878 9.18440238
v 60.00000000 16.62983159 6.88830178
v -60.00000000 15.87458276 8.48514126
v -60.00000000 21.16611034 11.31352168
v 60.00000000 21.16611034 11.31352168
v 60.00000000 15.87458276 8.48514126
v -60.00000000 14.96645302 10.00026419
v -60.00000000 19.95527070 13.33368559
v 60.00000000 19.95527070 13.33368559
v 60.00000000 14.96645302 10.00026419
v -60.00000000 13.91418816 11.41907911
v -60.00000000 18.55225088 15.22543882
v 60.00000000 18.55225088 15.22543882
v 60.00000000 13.91418816 11.41907911
v -60.00000000 12.72792206 12.72792206
v -60.00000000 16.97056275 16.97056275
v 60.00000000 16.97056275 16.97056275
v 60.00000000 12.72792206 12.72792206
v -60.00000000 11.41907911 13.91418816
v -60.00000000 15.22543882 18.55225088
v 60.00000000 15.22543882 18.55225088
v 60.00000000 11.41907911 13.91418816
v -60.00000000 10.00026419 14.96645302
v -60.00000000 13.33368559 19.95527070
v 60.00000000 13.33368559 19.95527070
v 60.00000000 10.00026419 14.96645302
v -60.00000000 8.48514126 15.87458276
v -60.00000000 11.31352168 21.16611034
v 60.00000000 11.31352168 21.16611034
v 60.00000000 8.48514126 15.87458276
v -60.00000000 6.88830178 16.62983159
v -60.00000000 9.18440238 22.17310878
v 60.00000000 9.18440238 22.17310878
v 60.00000000 6.88830178 16.62983159
v -60.00000000 5.22512419 17.22492604
v -60.00000000 6.96683225 22.96656806
v 60.00000000 6.96683225 22.96656806
v 60.00000000 5.22512419 17.22492604
v -60.00000000 3.51162580 17.65413505
v -60.00000000 4.68216773 23.53884673
v 60.00000000 4.68216773 23.53884673
v 60.00000000 3.51162580 17.65413505
v -60.00000000 1.76430853 17.91332508
v -60.00000000 2.35241137 23.88443344
v 60.00000000 2.35241137 23.88443344
v 60.00000000 1.76430853 17.91332508
v -60.00000000 0.00000000 18.00000000
v -60.00000000 0.00000000 24.00000000
v 60.00000000 0.00000000 24.00000000
v 60.00000000 0.00000000 18.00000000
v -60.00000000 -1.76430853 17.91332508
v -60.00000000 -2.35241137 23.88443344
v 60.00000000 -2.35241137 23.88443344
v 60.00000000 -1.76430853 17.91332508
v -60.00000000 -3.51162580 17.65413505
v -60.00000000 -4.68216773 23.53884673
v 60.00000000 -4.68216773 23.53884673
v 60.00000000 -3.51162580 17.65413505
v -60.00000000 -5.22512419 17.22492604
v -60.00000000 -6.96683225 22.96656806
v 60.00000000 -6.96683225 22.96656806
v 60.00000000 -5.22512419 17.22492604
v -60.00000000 -6.88830178 16.62983159
v -60.00000000 -9.18440238 22.17310878
v 60.00000000 -9.18440238 22.17310878
v 60.00000000 -6.88830178 16.62983159
v -60.00000000 -8.48514126 15.87458276
v -60.00000000 -11.31352168 21.16611034
v 60.00000000 -11.31352168 21.16611034
v 60.00000000 -8.48514126 15.87458276
v -60.00000000 -10.00026419 14.96645302
v -60.00000000 -13.33368559 19.95527070
v 60.00000000 -13.33368559 19.95527070
v 60.00000000 -10.00026419 14.96645302
v -60.00000000 -11.41907911 13.91418816
v -60.00000000 -15.22543882 18.55225088
v 60.00000000 -15.22543882 18.55225088
v 60.00000000 -11.41907911 13.91418816
v -60.00000000 -12.72792206 12.72792206
v -60.00000000 -16.97056275 16.97056275
v 60.00000000 -16.97056275 16.97056275
v 60.00000000 -12.72792206 12.72792206
v -60.00000000 -13.91418816 11.41907911
v -60.00000000 -18.55225088 15.22543882
v 60.00000000 -18.55225088 15.22543882
v 60.00000000 -13.91418816 11.41907911
v -60.00000000 -14.96645302 10.00026419
v -60.00000000 -19.95527070 13.33368559
v 60.00000000 -19.95527070 13.33368559
v 60.00000000 -14.96645302 10.00026419
v -60.00000000 -15.87458276 8.48514126
v -60.00000000 -21.16611034 11.31352168
v 60.00000000 -21.16611034 11.31352168
v 60.00000000 -15.87458276 8.48514126
v -60.00000000 -16.62983159 6.88830178
v -60.00000000 -22.17310878 9.18440238
v 60.00000000 -22.17310878 9.18440238
v 60.00000000 -16.62983159 6.88830178
v -60.00000000 -17.22492604 5.22512419
v -60.00000000 -22.96656806 6.96683225
v 60.00000000 -22.96656806 6.96683225
v 60.00000000 -17.22492604 5.22512419
v -60.00000000 -17.65413505 3.51162580
v -60.00000000 -23.53884673 4.68216773
v 60.00000000 -23.53884673 4.68216773
v 60.00000000 -17.65413505 3.51162580
v -60.00000000 -17.91332508 1.76430853
v -60.00000000 -23.88443344 2.35241137
v 60.00000000 -23.88443344 2.35241137
v 60.00000000 -17.91332508 1.76430853
v -60.00000000 -18.00000000 -0.00000000
v -60.00000000 -24.00000000 0.00000000
v 60.00000000 -24.00000000 0.00000000
v 60.00000000 -18.00000000 0.00000000
v -60.00000000 -17.91332508 -1.76430853
v -60.00000000 -23.88443344 -2.35241137
v 60.00000000 -23.88443344 -2.35241137
v 60.00000000 -17.91332508 -1.76430853
v -60.00000000 -17.65413505 -3.51162580
v -60.00000000 -23.53884673 -4.68216773
v 60.00000000 -23.53884673 -4.68216773
v 60.00000000 -17.65413505 -3.51162580
v -60.00000000 -17.22492604 -5.22512419
v -60.00000000 -22.96656806 -6.96683225
v 60.00000000 -22.96656806 -6.96683225
v 60.00000000 -17.22492604 -5.22512419
v -60.00000000 -16.62983159 -6.88830178
v -60.00000000 -22.17310878 -9.18440238
v 60.00000000 -22.17310878 -9.18440238
v 60.00000000 -16.62983159 -6.88830178
v -60.00000000 -15.87458276 -8.48514126
v -60.00000000 -21.16611034 -11.31352168
v 60.00000000 -21.16611034 -11.31352168
v 60.00000000 -15.87458276 -8.48514126
v -60.00000000 -14.96645302 -10.00026419
v -60.00000000 -19.95527070 -13.33368559
v 60.00000000 -19.95527070 -13.33368559
v 60.00000000 -14.96645302 -10.00026419
v -60.00000000 -13.91418816 -11.41907911
v -60.00000000 -18.55225088 -15.22543882
v 60.00000000 -18.55225088 -15.22543882
v 60.00000000 -13.91418816 -11.41907911
v -60.00000000 -12.72792206 -12.72792206
v -60.00000000 -16.97056275 -16.97056275
v 60.00000000 -16.97056275 -16.97056275
v 60.00000000 -12.72792206 -12.72792206
v -60.00000000 -11.41907911 -13.91418816
v -60.00000000 -15.22543882 -18.55225088
v 60.00000000 -15.22543882 -18.55225088
v 60.00000000 -11.41907911 -13.91418816
v -60.00000000 -10.00026419 -14.96645302
v -60.00000000 -13.33368559 -19.95527070
v 60.00000000 -13.33368559 -19.95527070
v 60.00000000 -10.00026419 -14.96645302
v -60.00000000 -8.48514126 -15.87458276
v -60.00000000 -11.31352168 -21.16611034
v 60.00000000 -11.31352168 -21.16611034
v 60.00000000 -8.48514126 -15.87458276
v -60.00000000 -6.88830178 -16.62983159
v -60.00000000 -9.18440238 -22.17310878
v 60.00000000 -9.18440238 -22.17310878
v 60.00000000 -6.88830178 -16.62983159
v -60.00000000 -5.22512419 -17.22492604
v -60.00000000 -6.96683225 -22.96656806
v 60.00000000 -6.96683225 -22.96656806
v 60.00000000 -5.22512419 -17.22492604
v -60.00000000 -3.51162580 -17.65413505
v -60.00000000 -4.68216773 -23.53884673
v 60.00000000 -4.68216773 -23.53884673
v 60.00000000 -3.51162580 -17.65413505
v -60.00000000 -1.76430853 -17.91332508
v -60.00000000 -2.35241137 -23.88443344
v 60.00000000 -2.35241137 -23.88443344
v 60.00000000 -1.76430853 -17.91332508
v 18.00000000 0.00000000 0.00000000
v 24.00000000 0.00000000 0.00000000
v 24.00000000 0.00000000 60.00000000
v 18.00000000 0.00000000 60.00000000
v 17.91332508 1.76430853 0.00000000
v 23.88443344 2.35241137 0.00000000
v 23.88443344 2.35241137 60.00000000
v 17.91332508 1.76430853 60.00000000
v 17.65413505 3.51162580 0.00000000
v 23.53884673 4.68216773 0.00000000
v 23.53884673 4.68216773 60.00000000
v 17.65413505 3.51162580 60.00000000
v 17.22492604 5.22512419 0.00000000
v 22.96656806 6.96683225 0.00000000
v 22.96656806 6.96683225 60.00000000
v 17.22492604 5.22512419 60.00000000
v 16.62983159 6.88830178 0.00000000
v 22.17310878 9.18440238 0.00000000
v 22.17310878 9.18440238 60.00000000
v 16.62983159 6.88830178 60.00000000
v 15.87458276 8.48514126 0.00000000
v 21.16611034 11.31352168 0.00000000
v 21.16611034 11.31352168 60.00000000
v 15.87458276 8.48514126 60.00000000
v 14.96645302 10.00026419 0.00000000
v 19.95527070 13.33368559 0.00000000
v 19.95527070 13.33368559 60.00000000
v 14.96645302 10.00026419 60.00000000
v 13.91418816 11.41907911 0.00000000
v 18.55225088 15.22543882 0.00000000
v 18.55225088 15.22543882 60.00000000
v 13.91418816 11.41907911 60.00000000
v 12.72792206 12.72792206 0.00000000
v 16.97056275 16.97056275 0.00000000
v 16.97056275 16.97056275 60.00000000
v 12.72792206 12.72792206 60.00000000
v 11.41907911 13.91418816 0.00000000
v 15.22543882 18.55225088 0.00000000
v 15.22543882 18.55225088 60.00000000
v 11.41907911 13.91418816 60.00000000
v 10.00026419 14.96645302 0.00000000
v 13.33368559 19.95527070 0.00000000
v 13.33368559 19.95527070 60.00000000
v 10.00026419 14.96645302 60.00000000
v 8.48514126 15.87458276 0.00000000
v 11.31352168 21.16611034 0.00000000
v 11.31352168 21.16611034 60.00000000
v 8.48514126 15.87458276 60.00000000
v 6.88830178 16.62983159 0.00000000
v 9.18440238 22.17310878 0.00000000
v 9.18440238 22.17310878 60.00000000
v 6.88830178 16.62983159 60.00000000
v 5.22512419 17.22492604 0.00000000
v 6.96683225 22.96656806 0.00000000
v 6.96683225 22.96656806 60.00000000
v 5.22512419 17.22492604 60.00000000
v 3.51162580 17.65413505 0.00000000
v 4.68216773 23.53884673 0.00000000
v 4.68216773 23.53884673 60.00000000
v 3.51162580 17.65413505 60.00000000
v 1.76430853 17.91332508 0.00000000
v 2.35241137 23.88443344 0.00000000
v 2.35241137 23.88443344 60.00000000
v 1.76430853 17.91332508 60.00000000
v 0.00000000 18.00000000 0.00000000
v 0.00000000 24.00000000 0.00000000
v 0.00000000 24.00000000 60.00000000
v 0.00000000 18.00000000 60.00000000
v -1.76430853 17.91332508 0.00000000
v -2.35241137 23.88443344 0.00000000
v -2.35241137 23.88443344 60.00000000
v -1.76430853 17.91332508 60.00000000
v -3.51162580 17.65413505 0.00000000
v -4.68216773 23.53884673 0.00000000
v -4.68216773 23.53884673 60.00000000
v -3.51162580 17.65413505 60.00000000
v -5.22512419 17.22492604 0.00000000
v -6.96683225 22.96656806 0.00000000
v -6.96683225 22.96656806 60.00000000
v -5.22512419 17.22492604 60.00000000
v -6.88830178 16.62983159 0.00000000
v -9.18440238 22.17310878 0.00000000
v -9.18440238 22.17310878 60.00000000
v -6.88830178 16.62983159 60.00000000
v -8.48514126 15.87458276 0.00000000
v -11.31352168 21.16611034 0.00000000
v -11.31352168 21.16611034 60.00000000
v -8.48514126 15.87458276 60.00000000
v -10.00026419 14.96645302 0.00000000
v -13.33368559 19.95527070 0.00000000
v -13.33368559 19.95527070 60.00000000
v -10.00026419 14.96645302 60.00000000
v -11.41907911 13.91418816 0.00000000
v -15.22543882 18.55225088 0.00000000
v -15.22543882 18.55225088 60.00000000
v -11.41907911 13.91418816 60.00000000
v -12.72792206 12.72792206 0.00000000
v -16.97056275 16.97056275 0.00000000
v -16.97056275 16.97056275 60.00000000
v -12.72792206 12.72792206 60.00000000
v -13.91418816 11.41907911 0.00000000
v -18.55225088 15.22543882 0.00000000
v -18.55225088 15.22543882 60.00000000
v -13.91418816 11.41907911 60.00000000
v -14.96645302 10.00026419 0.00000000
v -19.95527070 13.33368559 0.00000000
v -19.95527070 13.33368559 60.00000000
v -14.96645302 10.00026419 60.00000000
v -15.87458276 8.48514126 0.00000000
v -21.16611034 11.31352168 0.00000000
v -21.16611034 11.31352168 60.00000000
v -15.87458276 8.48514126 60.00000000
v -16.62983159 6.88830178 0.00000000
v -22.17310878 9.18440238 0.00000000
v -22.17310878 9.18440238 60.00000000
v -16.62983159 6.88830178 60.00000000
v -17.22492604 5.22512419 0.00000000
v -22.96656806 6.96683225 0.00000000
v -22.96656806 6.96683225 60.00000000
v -17.22492604 5.22512419 60.00000000
v -17.65413505 3.51162580 0.00000000
v -23.53884673 4.68216773 0.00000000
v -23.53884673 4.68216773 60.00000000
v -17.65413505 3.51162580 60.00000000
v -17.91332508 1.76430853 0.00000000
v -23.88443344 2.35241137 0.00000000
v -23.88443344 2.35241137 60.00000000
v -17.91332508 1.76430853 60.00000000
v -18.00000000 0.00000000 0.00000000
v -24.00000000 0.00000000 0.00000000
v -24.00000000 0.00000000 60.00000000
v -18.00000000 0.00000000 60.00000000
v -17.91332508 -1.76430853 0.00000000
v -23.88443344 -2.35241137 0.00000000
v -23.88443344 -2.35241137 60.00000000
v -17.91332508 -1.76430853 60.00000000
v -17.65413505 -3.51162580 0.00000000
v -23.53884673 -4.68216773 0.00000000
v -23.53884673 -4.68216773 60.00000000
v -17.65413505 -3.51162580 60.00000000
v -17.22492604 -5.22512419 0.00000000
v -22.96656806 -6.96683225 0.00000000
v -22.96656806 -6.96683225 60.00000000
v -17.22492604 -5.22512419 60.00000000
v -16.62983159 -6.88830178 0.00000000
v -22.17310878 -9.18440238 0.00000000
v -22.17310878 -9.18440238 60.00000000
v -16.62983159 -6.88830178 60.00000000
v -15.87458276 -8.48514126 0.00000000
v -21.16611034 -11.31352168 0.00000000
v -21.16611034 -11.31352168 60.00000000
v -15.87458276 -8.48514126 60.00000000
v -14.96645302 -10.00026419 0.00000000
v -19.95527070 -13.33368559 0.00000000
v -19.95527070 -13.33368559 60.00000000
v -14.96645302 -10.00026419 60.00000000
v -13.91418816 -11.41907911 0.00000000
v -18.55225088 -15.22543882 0.00000000
v -18.55225088 -15.22543882 60.00000000
v -13.91418816 -11.41907911 60.00000000
v -12.72792206 -12.72792206 0.00000000
v -16.97056275 -16.97056275 0.00000000
v -16.97056275 -16.97056275 60.00000000
v -12.72792206 -12.72792206 60.00000000
v -11.41907911 -13.91418816 0.00000000
v -15.22543882 -18.55225088 0.00000000
v -15.22543882 -18.55225088 60.00000000
v -11.41907911 -13.91418816 60.00000000
v -10.00026419 -14.96645302 0.00000000
v -13.33368559 -19.95527070 0.00000000
v -13.33368559 -19.95527070 60.00000000
v -10.00026419 -14.96645302 60.00000000
v -8.48514126 -15.87458276 0.00000000
v -11.31352168 -21.16611034 0.00000000
v -11.31352168 -21.16611034 60.00000000
v -8.48514126 -15.87458276 60.00000000
v -6.88830178 -16.62983159 0.00000000
v -9.18440238 -22.17310878 0.00000000
v -9.18440238 -22.17310878 60.00000000
v -6.88830178 -16.62983159 60.00000000
v -5.22512419 -17.22492604 0.00000000
v -6.96683225 -22.96656806 0.00000000
v -6.96683225 -22.96656806 60.00000000
v -5.22512419 -17.22492604 60.00000000
v -3.51162580 -17.65413505 0.00000000
v -4.68216773 -23.53884673 0.00000000
v -4.68216773 -23.53884673 60.00000000
v -3.51162580 -17.65413505 60.00000000
v -1.76430853 -17.91332508 0.00000000
v -2.35241137 -23.88443344 0.00000000
v -2.35241137 -23.88443344 60.00000000
v -1.76430853 -17.91332508 60.00000000
v -0.00000000 -18.00000000 0.00000000
v -0.00000000 -24.00000000 0.00000000
v -0.00000000 -24.00000000 60.00000000
v -0.00000000 -18.00000000 60.00000000
v 1.76430853 -17.91332508 0.00000000
v 2.35241137 -23.88443344 0.00000000
v 2.35241137 -23.88443344 60.00000000
v 1.76430853 -17.91332508 60.00000000
v 3.51162580 -17.65413505 0.00000000
v 4.68216773 -23.53884673 0.00000000
v 4.68216773 -23.53884673 60.00000000
v 3.51162580 -17.65413505 60.00000000
v 5.22512419 -17.22492604 0.00000000
v 6.96683225 -22.96656806 0.00000000
v 6.96683225 -22.96656806 60.00000000
v 5.22512419 -17.22492604 60.00000000
v 6.88830178 -16.62983159 0.00000000
v 9.18440238 -22.17310878 0.00000000
v 9.18440238 -22.17310878 60.00000000
v 6.88830178 -16.62983159 60.00000000
v 8.48514126 -15.87458276 0.00000000
v 11.31352168 -21.16611034 0.00000000
v 11.31352168 -21.16611034 60.00000000
v 8.48514126 -15.87458276 60.00000000
v 10.00026419 -14.96645302 0.00000000
v 13.33368559 -19.95527070 0.00000000
v 13.33368559 -19.95527070 60.00000000
v 10.00026419 -14.96645302 60.00000000
v 11.41907911 -13.91418816 0.00000000
v 15.22543882 -18.55225088 0.00000000
v 15.22543882 -18.55225088 60.00000000
v 11.41907911 -13.91418816 60.00000000
v 12.72792206 -12.72792206 0.00000000
v 16.97056275 -16.97056275 0.00000000
v 16.97056275 -16.97056275 60.00000000
v 12.72792206 -12.72792206 60.00000000
v 13.91418816 -11.41907911 0.00000000
v 18.55225088 -15.22543882 0.00000000
v 18.55225088 -15.22543882 60.00000000
v 13.91418816 -11.41907911 60.00000000
v 14.96645302 -10.00026419 0.00000000
v 19.95527070 -13.33368559 0.00000000
v 19.95527070 -13.33368559 60.00000000
v 14.96645302 -10.00026419 60.00000000
v 15.87458276 -8.48514126 0.00000000
v 21.16611034 -11.31352168 0.00000000
v 21.16611034 -11.31352168 60.00000000
v 15.87458276 -8.48514126 60.00000000
v 16.62983159 -6.88830178 0.00000000
v 22.17310878 -9.18440238 0.00000000
v 22.17310878 -9.18440238 60.00000000
v 16.62983159 -6.88830178 60.00000000
v 17.22492604 -5.22512419 0.00000000
v 22.96656806 -6.96683225 0.00000000
v 22.96656806 -6.96683225 60.00000000
v 17.22492604 -5.22512419 60.00000000
v 17.65413505 -3.51162580 0.00000000
v 23.53884673 -4.68216773 0.00000000
v 23.53884673 -4.68216773 60.00000000
v 17.65413505 -3.51162580 60.00000000
v 17.91332508 -1.76430853 0.00000000
v 23.88443344 -2.35241137 0.00000000
v 23.88443344 -2.35241137 60.00000000
v 17.91332508 -1.76430853 60.00000000
v -62.00000000 0.00000000 -18.00000000
v -62.00000000 0.00000000 -28.00000000
v -54.00000000 0.00000000 -28.00000000
v -54.00000000 0.00000000 -18.00000000
v -62.00000000 1.76430853 -17.91332508
v -62.00000000 2.74447993 -27.86517235
v -54.00000000 2.74447993 -27.86517235
v -54.00000000 1.76430853 -17.91332508
v -62.00000000 3.51162580 -17.65413505
v -62.00000000 5.46252902 -27.46198785
v -54.00000000 5.46252902 -27.46198785
v -54.00000000 3.51162580 -17.65413505
v -62.00000000 5.22512419 -17.22492604
v -62.00000000 8.12797096 -26.79432940
v -54.00000000 8.12797096 -26.79432940
v -54.00000000 5.22512419 -17.22492604
v -62.00000000 6.88830178 -16.62983159
v -62.00000000 10.71513611 -25.86862691
v -54.00000000 10.71513611 -25.86862691
v -54.00000000 6.88830178 -16.62983159
v -62.00000000 8.48514126 -15.87458276
v -62.00000000 13.19910863 -24.69379540
v -54.00000000 13.19910863 -24.69379540
v -54.00000000 8.48514126 -15.87458276
v -62.00000000 10.00026419 -14.96645302
v -62.00000000 15.55596652 -23.28114914
v -54.00000000 15.55596652 -23.28114914
v -54.00000000 10.00026419 -14.96645302
v -62.00000000 11.41907911 -13.91418816
v -62.00000000 17.76301196 -21.64429269
v -54.00000000 17.76301196 -21.64429269
v -54.00000000 11.41907911 -13.91418816
v -62.00000000 12.72792206 -12.72792206
v -62.00000000 19.79898987 -19.79898987
v -54.00000000 19.79898987 -19.79898987
v -54.00000000 12.72792206 -12.72792206
v -62.00000000 13.91418816 -11.41907911
v -62.00000000 21.64429269 -17.76301196
v -54.00000000 21.64429269 -17.76301196
v -54.00000000 13.91418816 -11.41907911
v -62.00000000 14.96645302 -10.00026419
v -62.00000000 23.28114914 -15.55596652
v -54.00000000 23.28114914 -15.55596652
v -54.00000000 14.96645302 -10.00026419
v -62.00000000 15.87458276 -8.48514126
v -62.00000000 24.69379540 -13.19910863
v -54.00000000 24.69379540 -13.19910863
v -54.00000000 15.87458276 -8.48514126
v -62.00000000 16.62983159 -6.88830178
v -62.00000000 25.86862691 -10.71513611
v -54.00000000 25.86862691 -10.71513611
v -54.00000000 16.62983159 -6.88830178
v -62.00000000 17.22492604 -5.22512419
v -62.00000000 26.79432940 -8.12797096
v -54.00000000 26.79432940 -8.12797096
v -54.00000000 17.22492604 -5.22512419
v -62.00000000 17.65413505 -3.51162580
v -62.00000000 27.46198785 -5.46252902
v -54.00000000 27.46198785 -5.46252902
v -54.00000000 17.65413505 -3.51162580
v -62.00000000 17.91332508 -1.76430853
v -62.00000000 27.86517235 -2.74447993
v -54.00000000 27.86517235 -2.74447993
v -54.00000000 17.91332508 -1.76430853
v -62.00000000 18.00000000 -0.00000000
v -62.00000000 28.00000000 -0.00000000
v -54.00000000 28.00000000 -0.00000000
v -54.00000000 18.00000000 -0.00000000
v -62.00000000 17.91332508 1.76430853
v -62.00000000 27.86517235 2.74447993
v -54.00000000 27.86517235 2.74447993
v -54.00000000 17.91332508 1.76430853
v -62.00000000 17.65413505 3.51162580
v -62.00000000 27.46198785 5.46252902
v -54.00000000 27.46198785 5.46252902
v -54.00000000 17.65413505 3.51162580
v -62.00000000 17.22492604 5.22512419
v -62.00000000 26.79432940 8.12797096
v -54.00000000 26.79432940 8.12797096
v -54.00000000 17.22492604 5.22512419
v -62.00000000 16.62983159 6.88830178
v -62.00000000 25.86862691 10.71513611
v -54.00000000 25.86862691 10.71513611
v -54.00000000 16.62983159 6.88830178
v -62.00000000 15.87458276 8.48514126
v -62.00000000 24.69379540 13.19910863
v -54.00000000 24.69379540 13.19910863
v -54.00000000 15.87458276 8.48514126
v -62.00000000 14.96645302 10.00026419
v -62.00000000 23.28114914 15.55596652
v -54.00000000 23.28114914 15.55596652
v -54.00000000 14.96645302 10.00026419
v -62.00000000 13.91418816 11.41907911
v -62.00000000 21.64429269 17.76301196
v -54.00000000 21.64429269 17.76301196
v -54.00000000 13.91418816 11.41907911
v -62.00000000 12.72792206 12.72792206
v -62.00000000 19.79898987 19.79898987
v -54.00000000 19.79898987 19.79898987
v -54.00000000 12.72792206 12.72792206
v -62.00000000 11.41907911 13.91418816
v -62.00000000 17.76301196 21.64429269
v -54.00000000 17.76301196 21.64429269
v -54.00000000 11.41907911 13.91418816
v -62.00000000 10.00026419 14.96645302
v -62.00000000 15.55596652 23.28114914
v -54.00000000 15.55596652 23.28114914
v -54.00000000 10.00026419 14.96645302
v -62.00000000 8.48514126 15.87458276
v -62.00000000 13.19910863 24.69379540
v -54.00000000 13.19910863 24.69379540
v -54.00000000 8.48514126 15.87458276
v -62.00000000 6.88830178 16.62983159
v -62.00000000 10.71513611 25.86862691
v -54.00000000 10.71513611 25.86862691
v -54.00000000 6.88830178 16.62983159
v -62.00000000 5.22512419 17.22492604
v -62.00000000 8.12797096 26.79432940
v -54.00000000 8.12797096 26.79432940
v -54.00000000 5.22512419 17.22492604
v -62.00000000 3.51162580 17.65413505
v -62.00000000 5.46252902 27.46198785
v -54.00000000 5.46252902 27.46198785
v -54.00000000 3.51162580 17.65413505
v -62.00000000 1.76430853 17.91332508
v -62.00000000 2.74447993 27.86517235
v -54.00000000 2.74447993 27.86517235
v -54.00000000 1.76430853 17.91332508
v -62.00000000 0.00000000 18.00000000
v -62.00000000 0.00000000 28.00000000
v -54.00000000 0.00000000 28.00000000
v -54.00000000 0.00000000 18.00000000
v -62.00000000 -1.76430853 17.91332508
v -62.00000000 -2.74447993 27.86517235
v -54.00000000 -2.74447993 27.86517235
v -54.00000000 -1.76430853 17.91332508
v -62.00000000 -3.51162580 17.65413505
v -62.00000000 -5.46252902 27.46198785
v -54.00000000 -5.46252902 27.46198785
v -54.00000000 -3.51162580 17.65413505
v -62.00000000 -5.22512419 17.22492604
v -62.00000000 -8.12797096 26.79432940
v -54.00000000 -8.12797096 26.79432940
v -54.00000000 -5.22512419 17.22492604
v -62.00000000 -6.88830178 16.62983159
v -62.00000000 -10.71513611 25.86862691
v -54.00000000 -10.71513611 25.86862691
v -54.00000000 -6.88830178 16.62983159
v -62.00000000 -8.48514126 15.87458276
v -62.00000000 -13.19910863 24.69379540
v -54.00000000 -13.19910863 24.69379540
v -54.00000000 -8.48514126 15.87458276
v -62.00000000 -10.00026419 14.96645302
v -62.00000000 -15.55596652 23.28114914
v -54.00000000 -15.55596652 23.28114914
v -54.00000000 -10.00026419 14.96645302
v -62.00000000 -11.41907911 13.91418816
v -62.00000000 -17.76301196 21.64429269
v -54.00000000 -17.76301196 21.64429269
v -54.00000000 -11.41907911 13.91418816
v -62.00000000 -12.72792206 12.72792206
v -62.00000000 -19.79898987 19.79898987
v -54.00000000 -19.79898987 19.79898987
v -54.00000000 -12.72792206 12.72792206
v -62.00000000 -13.91418816 11.41907911
v -62.00000000 -21.64429269 17.76301196
v -54.00000000 -21.64429269 17.76301196
v -54.00000000 -13.91418816 11.41907911
v -62.00000000 -14.96645302 10.00026419
v -62.00000000 -23.28114914 15.55596652
v -54.00000000 -23.28114914 15.55596652
v -54.00000000 -14.96645302 10.00026419
v -62.00000000 -15.87458276 8.48514126
v -62.00000000 -24.69379540 13.19910863
v -54.00000000 -24.69379540 13.19910863
v -54.00000000 -15.87458276 8.48514126
v -62.00000000 -16.62983159 6.88830178
v -62.00000000 -25.86862691 10.71513611
v -54.00000000 -25.86862691 10.71513611
v -54.00000000 -16.62983159 6.88830178
v -62.00000000 -17.22492604 5.22512419
v -62.00000000 -26.79432940 8.12797096
v -54.00000000 -26.79432940 8.12797096
v -54.00000000 -17.22492604 5.22512419
v -62.00000000 -17.65413505 3.51162580
v -62.00000000 -27.46198785 5.46252902
v -54.00000000 -27.46198785 5.46252902
v -54.00000000 -17.65413505 3.51162580
v -62.00000000 -17.91332508 1.76430853
v -62.00000000 -27.86517235 2.74447993
v -54.00000000 -27.86517235 2.74447993
v -54.00000000 -17.91332508 1.76430853
v -62.00000000 -18.00000000 0.00000000
v -62.00000000 -28.00000000 0.00000000
v -54.00000000 -28.00000000 0.00000000
v -54.00000000 -18.00000000 0.00000000
v -62.00000000 -17.91332508 -1.76430853
v -62.00000000 -27.86517235 -2.74447993
v -54.00000000 -27.86517235 -2.74447993
v -54.00000000 -17.91332508 -1.76430853
v -62.00000000 -17.65413505 -3.51162580
v -62.00000000 -27.46198785 -5.46252902
v -54.00000000 -27.46198785 -5.46252902
v -54.00000000 -17.65413505 -3.51162580
v -62.00000000 -17.22492604 -5.22512419
v -62.00000000 -26.79432940 -8.12797096
v -54.00000000 -26.79432940 -8.12797096
v -54.00000000 -17.22492604 -5.22512419
v -62.00000000 -16.62983159 -6.88830178
v -62.00000000 -25.86862691 -10.71513611
v -54.00000000 -25.86862691 -10.71513611
v -54.00000000 -16.62983159 -6.88830178
v -62.00000000 -15.87458276 -8.48514126
v -62.00000000 -24.69379540 -13.19910863
v -54.00000000 -24.69379540 -13.19910863
v -54.00000000 -15.87458276 -8.48514126
v -62.00000000 -14.96645302 -10.00026419
v -62.00000000 -23.28114914 -15.55596652
v -54.00000000 -23.28114914 -15.55596652
v -54.00000000 -14.96645302 -10.00026419
v -62.00000000 -13.91418816 -11.41907911
v -62.00000000 -21.64429269 -17.76301196
v -54.00000000 -21.64429269 -17.76301196
v -54.00000000 -13.91418816 -11.41907911
v -62.00000000 -12.72792206 -12.72792206
v -62.00000000 -19.79898987 -19.79898987
v -54.00000000 -19.79898987 -19.79898987
v -54.00000000 -12.72792206 -12.72792206
v -62.00000000 -11.41907911 -13.91418816
v -62.00000000 -17.76301196 -21.64429269
v -54.00000000 -17.76301196 -21.64429269
v -54.00000000 -11.41907911 -13.91418816
v -62.00000000 -10.00026419 -14.96645302
v -62.00000000 -15.55596652 -23.28114914
v -54.00000000 -15.55596652 -23.28114914
v -54.00000000 -10.00026419 -14.96645302
v -62.00000000 -8.48514126 -15.87458276
v -62.00000000 -13.19910863 -24.69379540
v -54.00000000 -13.19910863 -24.69379540
v -54.00000000 -8.48514126 -15.87458276
v -62.00000000 -6.88830178 -16.62983159
v -62.00000000 -10.71513611 -25.86862691
v -54.00000000 -10.71513611 -25.86862691
v -54.00000000 -6.88830178 -16.62983159
v -62.00000000 -5.22512419 -17.22492604
v -62.00000000 -8.12797096 -26.79432940
v -54.00000000 -8.12797096 -26.79432940
v -54.00000000 -5.22512419 -17.22492604
v -62.00000000 -3.51162580 -17.65413505
v -62.00000000 -5.46252902 -27.46198785
v -54.00000000 -5.46252902 -27.46198785
v -54.00000000 -3.51162580 -17.65413505
v -62.00000000 -1.76430853 -17.91332508
v -62.00000000 -2.74447993 -27.86517235
v -54.00000000 -2.74447993 -27.86517235
v -54.00000000 -1.76430853 -17.91332508
v 54.00000000 0.00000000 -18.00000000
v 54.00000000 0.00000000 -28.00000000
v 62.00000000 0.00000000 -28.00000000
v 62.00000000 0.00000000 -18.00000000
v 54.00000000 1.76430853 -17.91332508
v 54.00000000 2.74447993 -27.86517235
v 62.00000000 2.74447993 -27.86517235
v 62.00000000 1.76430853 -17.91332508
v 54.00000000 3.51162580 -17.65413505
v 54.00000000 5.46252902 -27.46198785
v 62.00000000 5.46252902 -27.46198785
v 62.00000000 3.51162580 -17.65413505
v 54.00000000 5.22512419 -17.22492604
v 54.00000000 8.12797096 -26.79432940
v 62.00000000 8.12797096 -26.79432940
v 62.00000000 5.22512419 -17.22492604
v 54.00000000 6.88830178 -16.62983159
v 54.00000000 10.71513611 -25.86862691
v 62.00000000 10.71513611 -25.86862691
v 62.00000000 6.88830178 -16.62983159
v 54.00000000 8.48514126 -15.87458276
v 54.00000000 13.19910863 -24.69379540
v 62.00000000 13.19910863 -24.69379540
v 62.00000000 8.48514126 -15.87458276
v 54.00000000 10.00026419 -14.96645302
v 54.00000000 15.55596652 -23.28114914
v 62.00000000 15.55596652 -23.28114914
v 62.00000000 10.00026419 -14.96645302
v 54.00000000 11.41907911 -13.91418816
v 54.00000000 17.76301196 -21.64429269
v 62.00000000 17.76301196 -21.64429269
v 62.00000000 11.41907911 -13.91418816
v 54.00000000 12.72792206 -12.72792206
v 54.00000000 19.79898987 -19.79898987
v 62.00000000 19.79898987 -19.79898987
v 62.00000000 12.72792206 -12.72792206
v 54.00000000 13.91418816 -11.41907911
v 54.00000000 21.64429269 -17.76301196
v 62.00000000 21.64429269 -17.76301196
v 62.00000000 13.91418816 -11.41907911
v 54.00000000 14.96645302 -10.00026419
v 54.00000000 23.28114914 -15.55596652
v 62.00000000 23.28114914 -15.55596652
v 62.00000000 14.96645302 -10.00026419
v 54.00000000 15.87458276 -8.48514126
v 54.00000000 24.69379540 -13.19910863
v 62.00000000 24.69379540 -13.19910863
v 62.00000000 15.87458276 -8.48514126
v 54.00000000 16.62983159 -6.88830178
v 54.00000000 25.86862691 -10.71513611
v 62.00000000 25.86862691 -10.71513611
v 62.00000000 16.62983159 -6.88830178
v 54.00000000 17.22492604 -5.22512419
v 54.00000000 26.79432940 -8.12797096
v 62.00000000 26.79432940 -8.12797096
v 62.00000000 17.22492604 -5.22512419
v 54.00000000 17.65413505 -3.51162580
v 54.00000000 27.46198785 -5.46252902
v 62.00000000 27.46198785 -5.46252902
v 62.00000000 17.65413505 -3.51162580
v 54.00000000 17.91332508 -1.76430853
v 54.00000000 27.86517235 -2.74447993
v 62.00000000 27.86517235 -2.74447993
v 62.00000000 17.91332508 -1.76430853
v 54.00000000 18.00000000 -0.00000000
v 54.00000000 28.00000000 -0.00000000
v 62.00000000 28.00000000 -0.00000000
v 62.00000000 18.00000000 -0.00000000
v 54.00000000 17.91332508 1.76430853
v 54.00000000 27.86517235 2.74447993
v 62.00000000 27.86517235 2.74447993
v 62.00000000 17.91332508 1.76430853
v 54.00000000 17.65413505 3.51162580
v 54.00000000 27.46198785 5.46252902
v 62.00000000 27.46198785 5.46252902
v 62.00000000 17.65413505 3.51162580
v 54.00000000 17.22492604 5.22512419
v 54.00000000 26.79432940 8.12797096
v 62.00000000 26.79432940 8.12797096
v 62.00000000 17.22492604 5.22512419
v 54.00000000 16.62983159 6.88830178
v 54.00000000 25.86862691 10.71513611
v 62.00000000 25.86862691 10.71513611
v 62.00000000 16.62983159 6.88830178
v 54.00000000 15.87458276 8.48514126
v 54.00000000 24.69379540 13.19910863
v 62.00000000 24.69379540 13.19910863
v 62.00000000 15.87458276 8.48514126
v 54.00000000 14.96645302 10.00026419
v 54.00000000 23.28114914 15.55596652
v 62.00000000 23.28114914 15.55596652
v 62.00000000 14.96645302 10.00026419
v 54.00000000 13.91418816 11.41907911
v 54.00000000 21.64429269 17.76301196
v 62.00000000 21.64429269 17.76301196
v 62.00000000 13.91418816 11.41907911
v 54.00000000 12.72792206 12.72792206
v 54.00000000 19.79898987 19.79898987
v 62.00000000 19.79898987 19.79898987
v 62.00000000 12.72792206 12.72792206
v 54.00000000 11.41907911 13.91418816
v 54.00000000 17.76301196 21.64429269
v 62.00000000 17.76301196 21.64429269
v 62.00000000 11.41907911 13.91418816
v 54.00000000 10.00026419 14.96645302
v 54.00000000 15.55596652 23.28114914
v 62.00000000 15.55596652 23.28114914
v 62.00000000 10.00026419 14.96645302
v 54.00000000 8.48514126 15.87458276
v 54.00000000 13.19910863 24.69379540
v 62.00000000 13.19910863 24.69379540
v 62.00000000 8.48514126 15.87458276
v 54.00000000 6.88830178 16.62983159
v 54.00000000 10.71513611 25.86862691
v 62.00000000 10.71513611 25.86862691
v 62.00000000 6.88830178 16.62983159
v 54.00000000 5.22512419 17.22492604
v 54.00000000 8.12797096 26.79432940
v 62.00000000 8.12797096 26.79432940
v 62.00000000 5.22512419 17.22492604
v 54.00000000 3.51162580 17.65413505
v 54.00000000 5.46252902 27.46198785
v 62.00000000 5.46252902 27.46198785
v 62.00000000 3.51162580 17.65413505
v 54.00000000 1.76430853 17.91332508
v 54.00000000 2.74447993 27.86517235
v 62.00000000 2.74447993 27.86517235
v 62.00000000 1.76430853 17.91332508
v 54.00000000 0.00000000 18.00000000
v 54.00000000 0.00000000 28.00000000
v 62.00000000 0.00000000 28.00000000
v 62.00000000 0.00000000 18.00000000
v 54.00000000 -1.76430853 17.91332508
v 54.00000000 -2.74447993 27.86517235
v 62.00000000 -2.74447993 27.86517235
v 62.00000000 -1.76430853 17.91332508
v 54.00000000 -3.51162580 17.65413505
v 54.00000000 -5.46252902 27.46198785
v 62.00000000 -5.46252902 27.46198785
v 62.00000000 -3.51162580 17.65413505
v 54.00000000 -5.22512419 17.22492604
v 54.00000000 -8.12797096 26.79432940
v 62.00000000 -8.12797096 26.79432940
v 62.00000000 -5.22512419 17.22492604
v 54.00000000 -6.88830178 16.62983159
v 54.00000000 -10.71513611 25.86862691
v 62.00000000 -10.71513611 25.86862691
v 62.00000000 -6.88830178 16.62983159
v 54.00000000 -8.48514126 15.87458276
v 54.00000000 -13.19910863 24.69379540
v 62.00000000 -13.19910863 24.69379540
v 62.00000000 -8.48514126 15.87458276
v 54.00000000 -10.00026419 14.96645302
v 54.00000000 -15.55596652 23.28114914
v 62.00000000 -15.55596652 23.28114914
v 62.00000000 -10.00026419 14.96645302
v 54.00000000 -11.41907911 13.91418816
v 54.00000000 -17.76301196 21.64429269
v 62.00000000 -17.76301196 21.64429269
v 62.00000000 -11.41907911 13.91418816
v 54.00000000 -12.72792206 12.72792206
v 54.00000000 -19.79898987 19.79898987
v 62.00000000 -19.79898987 19.79898987
v 62.00000000 -12.72792206 12.72792206
v 54.00000000 -13.91418816 11.41907911
v 54.00000000 -21.64429269 17.76301196
v 62.00000000 -21.64429269 17.76301196
v 62.00000000 -13.91418816 11.41907911
v 54.00000000 -14.96645302 10.00026419
v 54.00000000 -23.28114914 15.55596652
v 62.00000000 -23.28114914 15.55596652
v 62.00000000 -14.96645302 10.00026419
v 54.00000000 -15.87458276 8.48514126
v 54.00000000 -24.69379540 13.19910863
v 62.00000000 -24.69379540 13.19910863
v 62.00000000 -15.87458276 8.48514126
v 54.00000000 -16.62983159 6.88830178
v 54.00000000 -25.86862691 10.71513611
v 62.00000000 -25.86862691 10.71513611
v 62.00000000 -16.62983159 6.88830178
v 54.00000000 -17.22492604 5.22512419
v 54.00000000 -26.79432940 8.12797096
v 62.00000000 -26.79432940 8.12797096
v 62.00000000 -17.22492604 5.22512419
v 54.00000000 -17.65413505 3.51162580
v 54.00000000 -27.46198785 5.46252902
v 62.00000000 -27.46198785 5.46252902
v 62.00000000 -17.65413505 3.51162580
v 54.00000000 -17.91332508 1.76430853
v 54.00000000 -27.86517235 2.74447993
v 62.00000000 -27.86517235 2.74447993
v 62.00000000 -17.91332508 1.76430853
v 54.00000000 -18.00000000 0.00000000
v 54.00000000 -28.00000000 0.00000000
v 62.00000000 -28.00000000 0.00000000
v 62.00000000 -18.00000000 0.00000000
v 54.00000000 -17.91332508 -1.76430853
v 54.00000000 -27.86517235 -2.74447993
v 62.00000000 -27.86517235 -2.74447993
v 62.00000000 -17.91332508 -1.76430853
v 54.00000000 -17.65413505 -3.51162580
v 54.00000000 -27.46198785 -5.46252902
v 62.00000000 -27.46198785 -5.46252902
v 62.00000000 -17.65413505 -3.51162580
v 54.00000000 -17.22492604 -5.22512419
v 54.00000000 -26.79432940 -8.12797096
v 62.00000000 -26.79432940 -8.12797096
v 62.00000000 -17.22492604 -5.22512419
v 54.00000000 -16.62983159 -6.88830178
v 54.00000000 -25.86862691 -10.71513611
v 62.00000000 -25.86862691 -10.71513611
v 62.00000000 -16.62983159 -6.88830178
v 54.00000000 -15.87458276 -8.48514126
v 54.00000000 -24.69379540 -13.19910863
v 62.00000000 -24.69379540 -13.19910863
v 62.00000000 -15.87458276 -8.48514126
v 54.00000000 -14.96645302 -10.00026419
v 54.00000000 -23.28114914 -15.55596652
v 62.00000000 -23.28114914 -15.55596652
v 62.00000000 -14.96645302 -10.00026419
v 54.00000000 -13.91418816 -11.41907911
v 54.00000000 -21.64429269 -17.76301196
v 62.00000000 -21.64429269 -17.76301196
v 62.00000000 -13.91418816 -11.41907911
v 54.00000000 -12.72792206 -12.72792206
v 54.00000000 -19.79898987 -19.79898987
v 62.00000000 -19.79898987 -19.79898987
v 62.00000000 -12.72792206 -12.72792206
v 54.00000000 -11.41907911 -13.91418816
v 54.00000000 -17.76301196 -21.64429269
v 62.00000000 -17.76301196 -21.64429269
v 62.00000000 -11.41907911 -13.91418816
v 54.00000000 -10.00026419 -14.96645302
v 54.00000000 -15.55596652 -23.28114914
v 62.00000000 -15.55596652 -23.28114914
v 62.00000000 -10.00026419 -14.96645302
v 54.00000000 -8.48514126 -15.87458276
v 54.00000000 -13.19910863 -24.69379540
v 62.00000000 -13.19910863 -24.69379540
v 62.00000000 -8.48514126 -15.87458276
v 54.00000000 -6.88830178 -16.62983159
v 54.00000000 -10.71513611 -25.86862691
v 62.00000000 -10.71513611 -25.86862691
v 62.00000000 -6.88830178 -16.62983159
v 54.00000000 -5.22512419 -17.22492604
v 54.00000000 -8.12797096 -26.79432940
v 62.00000000 -8.12797096 -26.79432940
v 62.00000000 -5.22512419 -17.22492604
v 54.00000000 -3.51162580 -17.65413505
v 54.00000000 -5.46252902 -27.46198785
v 62.00000000 -5.46252902 -27.46198785
v 62.00000000 -3.51162580 -17.65413505
v 54.00000000 -1.76430853 -17.91332508
v 54.00000000 -2.74447993 -27.86517235
v 62.00000000 -2.74447993 -27.86517235
v 62.00000000 -1.76430853 -17.91332508
v 18.00000000 0.00000000 54.00000000
v 28.00000000 0.00000000 54.00000000
v 28.00000000 0.00000000 62.00000000
v 18.00000000 0.00000000 62.00000000
v 17.91332508 1.76430853 54.00000000
v 27.86517235 2.74447993 54.00000000
v 27.86517235 2.74447993 62.00000000
v 17.91332508 1.76430853 62.00000000
v 17.65413505 3.51162580 54.00000000
v 27.46198785 5.46252902 54.00000000
v 27.46198785 5.46252902 62.00000000
v 17.65413505 3.51162580 62.00000000
v 17.22492604 5.22512419 54.00000000
v 26.79432940 8.12797096 54.00000000
v 26.79432940 8.12797096 62.00000000
v 17.22492604 5.22512419 62.00000000
v 16.62983159 6.88830178 54.00000000
v 25.86862691 10.71513611 54.00000000
v 25.86862691 10.71513611 62.00000000
v 16.62983159 6.88830178 62.00000000
v 15.87458276 8.48514126 54.00000000
v 24.69379540 13.19910863 54.00000000
v 24.69379540 13.19910863 62.00000000
v 15.87458276 8.48514126 62.00000000
v 14.96645302 10.00026419 54.00000000
v 23.28114914 15.55596652 54.00000000
v 23.28114914 15.55596652 62.00000000
v 14.96645302 10.00026419 62.00000000
v 13.91418816 11.41907911 54.00000000
v 21.64429269 17.76301196 54.00000000
v 21.64429269 17.76301196 62.00000000
v 13.91418816 11.41907911 62.00000000
v 12.72792206 12.72792206 54.00000000
v 19.79898987 19.79898987 54.00000000
v 19.79898987 19.79898987 62.00000000
v 12.72792206 12.72792206 62.00000000
v 11.41907911 13.91418816 54.00000000
v 17.76301196 21.64429269 54.00000000
v 17.76301196 21.64429269 62.00000000
v 11.41907911 13.91418816 62.00000000
v 10.00026419 14.96645302 54.00000000
v 15.55596652 23.28114914 54.00000000
v 15.55596652 23.28114914 62.00000000
v 10.00026419 14.96645302 62.00000000
v 8.48514126 15.87458276 54.00000000
v 13.19910863 24.69379540 54.00000000
v 13.19910863 24.69379540 62.00000000
v 8.48514126 15.87458276 62.00000000
v 6.88830178 16.62983159 54.00000000
v 10.71513611 25.86862691 54.00000000
v 10.71513611 25.86862691 62.00000000
v 6.88830178 16.62983159 62.00000000
v 5.22512419 17.22492604 54.00000000
v 8.12797096 26.79432940 54.00000000
v 8.12797096 26.79432940 62.00000000
v 5.22512419 17.22492604 62.00000000
v 3.51162580 17.65413505 54.00000000
v 5.46252902 27.46198785 54.00000000
v 5.46252902 27.46198785 62.00000000
v 3.51162580 17.65413505 62.00000000
v 1.76430853 17.91332508 54.00000000
v 2.74447993 27.86517235 54.00000000
v 2.74447993 27.86517235 62.00000000
v 1.76430853 17.91332508 62.00000000
v 0.00000000 18.00000000 54.00000000
v 0.00000000 28.00000000 54.00000000
v 0.00000000 28.00000000 62.00000000
v 0.00000000 18.00000000 62.00000000
v -1.76430853 17.91332508 54.00000000
v -2.74447993 27.86517235 54.00000000
v -2.74447993 27.86517235 62.00000000
v -1.76430853 17.91332508 62.00000000
v -3.51162580 17.65413505 54.00000000
v -5.46252902 27.46198785 54.00000000
v -5.46252902 27.46198785 62.00000000
v -3.51162580 17.65413505 62.00000000
v -5.22512419 17.22492604 54.00000000
v -8.12797096 26.79432940 54.00000000
v -8.12797096 26.79432940 62.00000000
v -5.22512419 17.22492604 62.00000000
v -6.88830178 16.62983159 54.00000000
v -10.71513611 25.86862691 54.00000000
v -10.71513611 25.86862691 62.00000000
v -6.88830178 16.62983159 62.00000000
v -8.48514126 15.87458276 54.00000000
v -13.19910863 24.69379540 54.00000000
v -13.19910863 24.69379540 62.00000000
v -8.48514126 15.87458276 62.00000000
v -10.00026419 14.96645302 54.00000000
v -15.55596652 23.28114914 54.00000000
v -15.55596652 23.28114914 62.00000000
v -10.00026419 14.96645302 62.00000000
v -11.41907911 13.91418816 54.00000000
v -17.76301196 21.64429269 54.00000000
v -17.76301196 21.64429269 62.00000000
v -11.41907911 13.91418816 62.00000000
v -12.72792206 12.72792206 54.00000000
v -19.79898987 19.79898987 54.00000000
v -19.79898987 19.79898987 62.00000000
v -12.72792206 12.72792206 62.00000000
v -13.91418816 11.41907911 54.00000000
v -21.64429269 17.76301196 54.00000000
v -21.64429269 17.76301196 62.00000000
v -13.91418816 11.41907911 62.00000000
v -14.96645302 10.00026419 54.00000000
v -23.28114914 15.55596652 54.00000000
v -23.28114914 15.55596652 62.00000000
v -14.96645302 10.00026419 62.00000000
v -15.87458276 8.48514126 54.00000000
v -24.69379540 13.19910863 54.00000000
v -24.69379540 13.19910863 62.00000000
v -15.87458276 8.48514126 62.00000000
v -16.62983159 6.88830178 54.00000000
v -25.86862691 10.71513611 54.00000000
v -25.86862691 10.71513611 62.00000000
v -16.62983159 6.88830178 62.00000000
v -17.22492604 5.22512419 54.00000000
v -26.79432940 8.12797096 54.00000000
v -26.79432940 8.12797096 62.00000000
v -17.22492604 5.22512419 62.00000000
v -17.65413505 3.51162580 54.00000000
v -27.46198785 5.46252902 54.00000000
v -27.46198785 5.46252902 62.00000000
v -17.65413505 3.51162580 62.00000000
v -17.91332508 1.76430853 54.00000000
v -27.86517235 2.74447993 54.00000000
v -27.86517235 2.74447993 62.00000000
v -17.91332508 1.76430853 62.00000000
v -18.00000000 0.00000000 54.00000000
v -28.00000000 0.00000000 54.00000000
v -28.00000000 0.00000000 62.00000000
v -18.00000000 0.00000000 62.00000000
v -17.91332508 -1.76430853 54.00000000
v -27.86517235 -2.74447993 54.00000000
v -27.86517235 -2.74447993 62.00000000
v -17.91332508 -1.76430853 62.00000000
v -17.65413505 -3.51162580 54.00000000
v -27.46198785 -5.46252902 54.00000000
v -27.46198785 -5.46252902 62.00000000
v -17.65413505 -3.51162580 62.00000000
v -17.22492604 -5.22512419 54.00000000
v -26.79432940 -8.12797096 54.00000000
v -26.79432940 -8.12797096 62.00000000
v -17.22492604 -5.22512419 62.00000000
v -16.62983159 -6.88830178 54.00000000
v -25.86862691 -10.71513611 54.00000000
v -25.86862691 -10.71513611 62.00000000
v -16.62983159 -6.88830178 62.00000000
v -15.87458276 -8.48514126 54.00000000
v -24.69379540 -13.19910863 54.00000000
v -24.69379540 -13.19910863 62.00000000
v -15.87458276 -8.48514126 62.00000000
v -14.96645302 -10.00026419 54.00000000
v -23.28114914 -15.55596652 54.00000000
v -23.28114914 -15.55596652 62.00000000
v -14.96645302 -10.00026419 62.00000000
v -13.91418816 -11.41907911 54.00000000
v -21.64429269 -17.76301196 54.00000000
v -21.64429269 -17.76301196 62.00000000
v -13.91418816 -11.41907911 62.00000000
v -12.72792206 -12.72792206 54.00000000
v -19.79898987 -19.79898987 54.00000000
v -19.79898987 -19.79898987 62.00000000
v -12.72792206 -12.72792206 62.00000000
v -11.41907911 -13.91418816 54.00000000
v -17.76301196 -21.64429269 54.00000000
v -17.76301196 -21.64429269 62.00000000
v -11.41907911 -13.91418816 62.00000000
v -10.00026419 -14.96645302 54.00000000
v -15.55596652 -23.28114914 54.00000000
v -15.55596652 -23.28114914 62.00000000
v -10.00026419 -14.96645302 62.00000000
v -8.48514126 -15.87458276 54.00000000
v -13.19910863 -24.69379540 54.00000000
v -13.19910863 -24.69379540 62.00000000
v -8.48514126 -15.87458276 62.00000000
v -6.88830178 -16.62983159 54.00000000
v -10.71513611 -25.86862691 54.00000000
v -10.71513611 -25.86862691 62.00000000
v -6.88830178 -16.62983159 62.00000000
v -5.22512419 -17.22492604 54.00000000
v -8.12797096 -26.79432940 54.00000000
v -8.12797096 -26.79432940 62.00000000
v -5.22512419 -17.22492604 62.00000000
v -3.51162580 -17.65413505 54.00000000
v -5.46252902 -27.46198785 54.00000000
v -5.46252902 -27.46198785 62.00000000
v -3.51162580 -17.65413505 62.00000000
v -1.76430853 -17.91332508 54.00000000
v -2.74447993 -27.86517235 54.00000000
v -2.74447993 -27.86517235 62.00000000
v -1.76430853 -17.91332508 62.00000000
v -0.00000000 -18.00000000 54.00000000
v -0.00000000 -28.00000000 54.00000000
v -0.00000000 -28.00000000 62.00000000
v -0.00000000 -18.00000000 62.00000000
v 1.76430853 -17.91332508 54.00000000
v 2.74447993 -27.86517235 54.00000000
v 2.74447993 -27.86517235 62.00000000
v 1.76430853 -17.91332508 62.00000000
v 3.51162580 -17.65413505 54.00000000
v 5.46252902 -27.46198785 54.00000000
v 5.46252902 -27.46198785 62.00000000
v 3.51162580 -17.65413505 62.00000000
v 5.22512419 -17.22492604 54.00000000
v 8.12797096 -26.79432940 54.00000000
v 8.12797096 -26.79432940 62.00000000
v 5.22512419 -17.22492604 62.00000000
v 6.88830178 -16.62983159 54.00000000
v 10.71513611 -25.86862691 54.00000000
v 10.71513611 -25.86862691 62.00000000
v 6.88830178 -16.62983159 62.00000000
v 8.48514126 -15.87458276 54.00000000
v 13.19910863 -24.69379540 54.00000000
v 13.19910863 -24.69379540 62.00000000
v 8.48514126 -15.87458276 62.00000000
v 10.00026419 -14.96645302 54.00000000
v 15.55596652 -23.28114914 54.00000000
v 15.55596652 -23.28114914 62.00000000
v 10.00026419 -14.96645302 62.00000000
v 11.41907911 -13.91418816 54.00000000
v 17.76301196 -21.64429269 54.00000000
v 17.76301196 -21.64429269 62.00000000
v 11.41907911 -13.91418816 62.00000000
v 12.72792206 -12.72792206 54.00000000
v 19.79898987 -19.79898987 54.00000000
v 19.79898987 -19.79898987 62.00000000
v 12.72792206 -12.72792206 62.00000000
v 13.91418816 -11.41907911 54.00000000
v 21.64429269 -17.76301196 54.00000000
v 21.64429269 -17.76301196 62.00000000
v 13.91418816 -11.41907911 62.00000000
v 14.96645302 -10.00026419 54.00000000
v 23.28114914 -15.55596652 54.00000000
v 23.28114914 -15.55596652 62.00000000
v 14.96645302 -10.00026419 62.00000000
v 15.87458276 -8.48514126 54.00000000
v 24.69379540 -13.19910863 54.00000000
v 24.69379540 -13.19910863 62.00000000
v 15.87458276 -8.48514126 62.00000000
v 16.62983159 -6.88830178 54.00000000
v 25.86862691 -10.71513611 54.00000000
v 25.86862691 -10.71513611 62.00000000
v 16.62983159 -6.88830178 62.00000000
v 17.22492604 -5.22512419 54.00000000
v 26.79432940 -8.12797096 54.00000000
v 26.79432940 -8.12797096 62.00000000
v 17.22492604 -5.22512419 62.00000000
v 17.65413505 -3.51162580 54.00000000
v 27.46198785 -5.46252902 54.00000000
v 27.46198785 -5.46252902 62.00000000
v 17.65413505 -3.51162580 62.00000000
v 17.91332508 -1.76430853 54.00000000
v 27.86517235 -2.74447993 54.00000000
v 27.86517235 -2.74447993 62.00000000
v 17.91332508 -1.76430853 62.00000000
vn -0.71831958 -0.00000000 0.69571329
vn -0.69622772 -0.00000000 -0.71782099
vn 0.69622772 0.00000000 -0.71782099
vn 0.71831958 0.00000000 0.69571329
vn -0.71831958 -0.06819183 0.69236324
vn -0.69622772 0.07035876 -0.71436448
vn 0.69622772 0.07035876 -0.71436448
vn 0.71831958 -0.06819183 0.69236324
vn -0.71831958 -0.13572693 0.68234536
vn -0.69622772 0.14003993 -0.70402826
vn 0.69622772 0.14003993 -0.70402826
vn 0.71831958 -0.13572693 0.68234536
vn -0.71831958 -0.20195491 0.66575611
vn -0.69622772 0.20837243 -0.68691185
vn 0.69622772 0.20837243 -0.68691185
vn 0.71831958 -0.20195491 0.66575611
vn -0.71831958 -0.26623795 0.64275527
vn -0.69622772 0.27469820 -0.66318012
vn 0.69622772 0.27469820 -0.66318012
vn 0.71831958 -0.26623795 0.64275527
vn -0.71831958 -0.32795698 0.61356435
vn -0.69622772 0.33837847 -0.63306159
vn 0.69622772 0.33837847 -0.63306159
vn 0.71831958 -0.32795698 0.61356435
vn -0.71831958 -0.38651760 0.57846446
vn -0.69622772 0.39879997 -0.59684634
vn 0.69622772 0.39879997 -0.59684634
vn 0.71831958 -0.38651760 0.57846446
vn -0.71831958 -0.44135584 0.53779365
vn -0.69622772 0.45538081 -0.55488313
vn 0.69622772 0.45538081 -0.55488313
vn 0.71831958 -0.44135584 0.53779365
vn -0.71831958 -0.49194359 0.49194359
vn -0.69622772 0.50757609 -0.50757609
vn 0.69622772 0.50757609 -0.50757609
vn 0.71831958 -0.49194359 0.49194359
vn -0.71831958 -0.53779365 0.44135584
vn -0.69622772 0.55488313 -0.45538081
vn 0.69622772 0.55488313 -0.45538081
vn 0.71831958 -0.53779365 0.44135584
vn -0.71831958 -0.57846446 0.38651760
vn -0.69622772 0.59684634 -0.39879997
vn 0.69622772 0.59684634 -0.39879997
vn 0.71831958 -0.57846446 0.38651760
vn -0.71831958 -0.61356435 0.32795698
vn -0.69622772 0.63306159 -0.33837847
vn 0.69622772 0.63306159 -0.33837847
vn 0.71831958 -0.61356435 0.32795698
vn -0.71831958 -0.64275527 0.26623795
vn -0.69622772 0.66318012 -0.27469820
vn 0.69622772 0.66318012 -0.27469820
vn 0.71831958 -0.64275527 0.26623795
vn -0.71831958 -0.66575611 0.20195491
vn -0.69622772 0.68691185 -0.20837243
vn 0.69622772 0.68691185 -0.20837243
vn 0.71831958 -0.66575611 0.20195491
vn -0.71831958 -0.68234536 0.13572693
vn -0.69622772 0.70402826 -0.14003993
vn 0.69622772 0.70402826 -0.14003993
vn 0.71831958 -0.68234536 0.13572693
vn -0.71831958 -0.69236324 0.06819183
vn -0.69622772 0.71436448 -0.07035876
vn 0.69622772 0.71436448 -0.07035876
vn 0.71831958 -0.69236324 0.06819183
vn -0.71831958 -0.69571329 -0.00000000
vn -0.69622772 0.71782099 -0.00000000
vn 0.69622772 0.71782099 0.00000000
vn 0.71831958 -0.69571329 0.00000000
vn -0.71831958 -0.69236324 -0.06819183
vn -0.69622772 0.71436448 0.07035876
vn 0.69622772 0.71436448 0.07035876
vn 0.71831958 -0.69236324 -0.06819183
vn -0.71831958 -0.68234536 -0.13572693
vn -0.69622772 0.70402826 0.14003993
vn 0.69622772 0.70402826 0.14003993
vn 0.71831958 -0.68234536 -0.13572693
vn -0.71831958 -0.66575611 -0.20195491
vn -0.69622772 0.68691185 0.20837243
vn 0.69622772 0.68691185 0.20837243
vn 0.71831958 -0.66575611 -0.20195491
vn -0.71831958 -0.64275527 -0.26623795
vn -0.69622772 0.66318012 0.27469820
vn 0.69622772 0.66318012 0.27469820
vn 0.71831958 -0.64275527 -0.26623795
vn -0.71831958 -0.61356435 -0.32795698
vn -0.69622772 0.63306159 0.33837847
vn 0.69622772 0.63306159 0.33837847
vn 0.71831958 -0.61356435 -0.32795698
vn -0.71831958 -0.57846446 -0.38651760
vn -0.69622772 0.59684634 0.39879997
vn 0.69622772 0.59684634 0.39879997
vn 0.71831958 -0.57846446 -0.38651760
vn -0.71831958 -0.53779365 -0.44135584
vn -0.69622772 0.55488313 0.45538081
vn 0.69622772 0.55488313 0.45538081
vn 0.71831958 -0.53779365 -0.44135584
vn -0.71831958 -0.49194359 -0.49194359
vn -0.69622772 0.50757609 0.50757609
vn 0.69622772 0.50757609 0.50757609
vn 0.71831958 -0.49194359 -0.49194359
vn -0.71831958 -0.44135584 -0.53779365
vn -0.69622772 0.45538081 0.55488313
vn 0.69622772 0.45538081 0.55488313
vn 0.71831958 -0.44135584 -0.53779365
vn -0.71831958 -0.38651760 -0.57846446
vn -0.69622772 0.39879997 0.59684634
vn 0.69622772 0.39879997 0.59684634
vn 0.71831958 -0.38651760 -0.57846446
vn -0.71831958 -0.32795698 -0.61356435
vn -0.69622772 0.33837847 0.63306159
vn 0.69622772 0.33837847 0.63306159
vn 0.71831958 -0.32795698 -0.61356435
vn -0.71831958 -0.26623795 -0.64275527
vn -0.69622772 0.27469820 0.66318012
vn 0.69622772 0.27469820 0.66318012
vn 0.71831958 -0.26623795 -0.64275527
vn -0.71831958 -0.20195491 -0.66575611
vn -0.69622772 0.20837243 0.68691185
vn 0.69622772 0.20837243 0.68691185
vn 0.71831958 -0.20195491 -0.66575611
vn -0.71831958 -0.13572693 -0.68234536
vn -0.69622772 0.14003993 0.70402826
vn 0.69622772 0.14003993 0.70402826
vn 0.71831958 -0.13572693 -0.68234536
vn -0.71831958 -0.06819183 -0.69236324
vn -0.69622772 0.07035876 0.71436448
vn 0.69622772 0.07035876 0.71436448
vn 0.71831958 -0.06819183 -0.69236324
vn -0.71831958 0.00000000 -0.69571329
vn -0.69622772 0.00000000 0.71782099
vn 0.69622772 -0.00000000 0.71782099
vn 0.71831958 -0.00000000 -0.69571329
vn -0.71831958 0.06819183 -0.69236324
vn -0.69622772 -0.07035876 0.71436448
vn 0.69622772 -0.07035876 0.71436448
vn 0.71831958 0.06819183 -0.69236324
vn -0.71831958 0.13572693 -0.68234536
vn -0.69622772 -0.14003993 0.70402826
vn 0.69622772 -0.14003993 0.70402826
vn 0.71831958 0.13572693 -0.68234536
vn -0.71831958 0.20195491 -0.66575611
vn -0.69622772 -0.20837243 0.68691185
vn 0.69622772 -0.20837243 0.68691185
vn 0.71831958 0.20195491 -0.66575611
vn -0.71831958 0.26623795 -0.64275527
vn -0.69622772 -0.27469820 0.66318012
vn 0.69622772 -0.27469820 0.66318012
vn 0.71831958 0.26623795 -0.64275527
vn -0.71831958 0.32795698 -0.61356435
vn -0.69622772 -0.33837847 0.63306159
vn 0.69622772 -0.33837847 0.63306159
vn 0.71831958 0.32795698 -0.61356435
vn -0.71831958 0.38651760 -0.57846446
vn -0.69622772 -0.39879997 0.59684634
vn 0.69622772 -0.39879997 0.59684634
vn 0.71831958 0.38651760 -0.57846446
vn -0.71831958 0.44135584 -0.53779365
vn -0.69622772 -0.45538081 0.55488313
vn 0.69622772 -0.45538081 0.55488313
vn 0.71831958 0.44135584 -0.53779365
vn -0.71831958 0.49194359 -0.49194359
vn -0.69622772 -0.50757609 0.50757609
vn 0.69622772 -0.50757609 0.50757609
vn 0.71831958 0.49194359 -0.49194359
vn -0.71831958 0.53779365 -0.44135584
vn -0.69622772 -0.55488313 0.45538081
vn 0.69622772 -0.55488313 0.45538081
vn 0.71831958 0.53779365 -0.44135584
vn -0.71831958 0.57846446 -0.38651760
vn -0.69622772 -0.59684634 0.39879997
vn 0.69622772 -0.59684634 0.39879997
vn 0.71831958 0.57846446 -0.38651760
vn -0.71831958 0.61356435 -0.32795698
vn -0.69622772 -0.63306159 0.33837847
vn 0.69622772 -0.63306159 0.33837847
vn 0.71831958 0.61356435 -0.32795698
vn -0.71831958 0.64275527 -0.26623795
vn -0.69622772 -0.66318012 0.27469820
vn 0.69622772 -0.66318012 0.27469820
vn 0.71831958 0.64275527 -0.26623795
vn -0.71831958 0.66575611 -0.20195491
vn -0.69622772 -0.68691185 0.20837243
vn 0.69622772 -0.68691185 0.20837243
vn 0.71831958 0.66575611 -0.20195491
vn -0.71831958 0.68234536 -0.13572693
vn -0.69622772 -0.70402826 0.14003993
vn 0.69622772 -0.70402826 0.14003993
vn 0.71831958 0.68234536 -0.13572693
vn -0.71831958 0.69236324 -0.06819183
vn -0.69622772 -0.71436448 0.07035876
vn 0.69622772 -0.71436448 0.07035876
vn 0.71831958 0.69236324 -0.06819183
vn -0.71831958 0.69571329 0.00000000
vn -0.69622772 -0.71782099 0.00000000
vn 0.69622772 -0.71782099 -0.00000000
vn 0.71831958 0.69571329 -0.00000000
vn -0.71831958 0.69236324 0.06819183
vn -0.69622772 -0.71436448 -0.07035876
vn 0.69622772 -0.71436448 -0.07035876
vn 0.71831958 0.69236324 0.06819183
vn -0.71831958 0.68234536 0.13572693
vn -0.69622772 -0.70402826 -0.14003993
vn 0.69622772 -0.70402826 -0.14003993
vn 0.71831958 0.68234536 0.13572693
vn -0.71831958 0.66575611 0.20195491
vn -0.69622772 -0.68691185 -0.20837243
vn 0.69622772 -0.68691185 -0.20837243
vn 0.71831958 0.66575611 0.20195491
vn -0.71831958 0.64275527 0.26623795
vn -0.69622772 -0.66318012 -0.27469820
vn 0.69622772 -0.66318012 -0.27469820
vn 0.71831958 0.64275527 0.26623795
vn -0.71831958 0.61356435 0.32795698
vn -0.69622772 -0.63306159 -0.33837847
vn 0.69622772 -0.63306159 -0.33837847
vn 0.71831958 0.61356435 0.32795698
vn -0.71831958 0.57846446 0.38651760
vn -0.69622772 -0.59684634 -0.39879997
vn 0.69622772 -0.59684634 -0.39879997
vn 0.71831958 0.57846446 0.38651760
vn -0.71831958 0.53779365 0.44135584
vn -0.69622772 -0.55488313 -0.45538081
vn 0.69622772 -0.55488313 -0.45538081
vn 0.71831958 0.53779365 0.44135584
vn -0.71831958 0.49194359 0.49194359
vn -0.69622772 -0.50757609 -0.50757609
vn 0.69622772 -0.50757609 -0.50757609
vn 0.71831958 0.49194359 0.49194359
vn -0.71831958 0.44135584 0.53779365
vn -0.69622772 -0.45538081 -0.55488313
vn 0.69622772 -0.45538081 -0.55488313
vn 0.71831958 0.44135584 0.53779365
vn -0.71831958 0.38651760 0.57846446
vn -0.69622772 -0.39879997 -0.59684634
vn 0.69622772 -0.39879997 -0.59684634
vn 0.71831958 0.38651760 0.57846446
vn -0.71831958 0.32795698 0.61356435
vn -0.69622772 -0.33837847 -0.63306159
vn 0.69622772 -0.33837847 -0.63306159
vn 0.71831958 0.32795698 0.61356435
vn -0.71831958 0.26623795 0.64275527
vn -0.69622772 -0.27469820 -0.66318012
vn 0.69622772 -0.27469820 -0.66318012
vn 0.71831958 0.26623795 0.64275527
vn -0.71831958 0.20195491 0.66575611
vn -0.69622772 -0.20837243 -0.68691185
vn 0.69622772 -0.20837243 -0.68691185
vn 0.71831958 0.20195491 0.66575611
vn -0.71831958 0.13572693 0.68234536
vn -0.69622772 -0.14003993 -0.70402826
vn 0.69622772 -0.14003993 -0.70402826
vn 0.71831958 0.13572693 0.68234536
vn -0.71831958 0.06819183 0.69236324
vn -0.69622772 -0.07035876 -0.71436448
vn 0.69622772 -0.07035876 -0.71436448
vn 0.71831958 0.06819183 0.69236324
vn -0.69571329 0.00000000 -0.71831958
vn 0.71782099 -0.00000000 -0.69622772
vn 0.71782099 -0.00000000 0.69622772
vn -0.69571329 0.00000000 0.71831958
vn -0.69236324 -0.06819183 -0.71831958
vn 0.71436448 0.07035876 -0.69622772
vn 0.71436448 0.07035876 0.69622772
vn -0.69236324 -0.06819183 0.71831958
vn -0.68234536 -0.13572693 -0.71831958
vn 0.70402826 0.14003993 -0.69622772
vn 0.70402826 0.14003993 0.69622772
vn -0.68234536 -0.13572693 0.71831958
vn -0.66575611 -0.20195491 -0.71831958
vn 0.68691185 0.20837243 -0.69622772
vn 0.68691185 0.20837243 0.69622772
vn -0.66575611 -0.20195491 0.71831958
vn -0.64275527 -0.26623795 -0.71831958
vn 0.66318012 0.27469820 -0.69622772
vn 0.66318012 0.27469820 0.69622772
vn -0.64275527 -0.26623795 0.71831958
vn -0.61356435 -0.32795698 -0.71831958
vn 0.63306159 0.33837847 -0.69622772
vn 0.63306159 0.33837847 0.69622772
vn -0.61356435 -0.32795698 0.71831958
vn -0.57846446 -0.38651760 -0.71831958
vn 0.59684634 0.39879997 -0.69622772
vn 0.59684634 0.39879997 0.69622772
vn -0.57846446 -0.38651760 0.71831958
vn -0.53779365 -0.44135584 -0.71831958
vn 0.55488313 0.45538081 -0.69622772
vn 0.55488313 0.45538081 0.69622772
vn -0.53779365 -0.44135584 0.71831958
vn -0.49194359 -0.49194359 -0.71831958
vn 0.50757609 0.50757609 -0.69622772
vn 0.50757609 0.50757609 0.69622772
vn -0.49194359 -0.49194359 0.71831958
vn -0.44135584 -0.53779365 -0.71831958
vn 0.45538081 0.55488313 -0.69622772
vn 0.45538081 0.55488313 0.69622772
vn -0.44135584 -0.53779365 0.71831958
vn -0.38651760 -0.57846446 -0.71831958
vn 0.39879997 0.59684634 -0.69622772
vn 0.39879997 0.59684634 0.69622772
vn -0.38651760 -0.57846446 0.71831958
vn -0.32795698 -0.61356435 -0.71831958
vn 0.33837847 0.63306159 -0.69622772
vn 0.33837847 0.63306159 0.69622772
vn -0.32795698 -0.61356435 0.71831958
vn -0.26623795 -0.64275527 -0.71831958
vn 0.27469820 0.66318012 -0.69622772
vn 0.27469820 0.66318012 0.69622772
vn -0.26623795 -0.64275527 0.71831958
vn -0.20195491 -0.66575611 -0.71831958
vn 0.20837243 0.68691185 -0.69622772
vn 0.20837243 0.68691185 0.69622772
vn -0.20195491 -0.66575611 0.71831958
vn -0.13572693 -0.68234536 -0.71831958
vn 0.14003993 0.70402826 -0.69622772
vn 0.14003993 0.70402826 0.69622772
vn -0.13572693 -0.68234536 0.71831958
vn -0.06819183 -0.69236324 -0.71831958
vn 0.07035876 0.71436448 -0.69622772
vn 0.07035876 0.71436448 0.69622772
vn -0.06819183 -0.69236324 0.71831958
vn 0.00000000 -0.69571329 -0.71831958
vn -0.00000000 0.71782099 -0.69622772
vn 0.00000000 0.71782099 0.69622772
vn -0.00000000 -0.69571329 0.71831958
vn 0.06819183 -0.69236324 -0.71831958
vn -0.07035876 0.71436448 -0.69622772
vn -0.07035876 0.71436448 0.69622772
vn 0.06819183 -0.69236324 0.71831958
vn 0.13572693 -0.68234536 -0.71831958
vn -0.14003993 0.70402826 -0.69622772
vn -0.14003993 0.70402826 0.69622772
vn 0.13572693 -0.68234536 0.71831958
vn 0.20195491 -0.66575611 -0.71831958
vn -0.20837243 0.68691185 -0.69622772
vn -0.20837243 0.68691185 0.69622772
vn 0.20195491 -0.66575611 0.71831958
vn 0.26623795 -0.64275527 -0.71831958
vn -0.27469820 0.66318012 -0.69622772
vn -0.27469820 0.66318012 0.69622772
vn 0.26623795 -0.64275527 0.71831958
vn 0.32795698 -0.61356435 -0.71831958
vn -0.33837847 0.63306159 -0.69622772
vn -0.33837847 0.63306159 0.69622772
vn 0.32795698 -0.61356435 0.71831958
vn 0.38651760 -0.57846446 -0.71831958
vn -0.39879997 0.59684634 -0.69622772
vn -0.39879997 0.59684634 0.69622772
vn 0.38651760 -0.57846446 0.71831958
vn 0.44135584 -0.53779365 -0.71831958
vn -0.45538081 0.55488313 -0.69622772
vn -0.45538081 0.55488313 0.69622772
vn 0.44135584 -0.53779365 0.71831958
vn 0.49194359 -0.49194359 -0.71831958
vn -0.50757609 0.50757609 -0.69622772
vn -0.50757609 0.50757609 0.69622772
vn 0.49194359 -0.49194359 0.71831958
vn 0.53779365 -0.44135584 -0.71831958
vn -0.55488313 0.45538081 -0.69622772
vn -0.55488313 0.45538081 0.69622772
vn 0.53779365 -0.44135584 0.71831958
vn 0.57846446 -0.38651760 -0.71831958
vn -0.59684634 0.39879997 -0.69622772
vn -0.59684634 0.39879997 0.69622772
vn 0.57846446 -0.38651760 0.71831958
vn 0.61356435 -0.32795698 -0.71831958
vn -0.63306159 0.33837847 -0.69622772
vn -0.63306159 0.33837847 0.69622772
vn 0.61356435 -0.32795698 0.71831958
vn 0.64275527 -0.26623795 -0.71831958
vn -0.66318012 0.27469820 -0.69622772
vn -0.66318012 0.27469820 0.69622772
vn 0.64275527 -0.26623795 0.71831958
vn 0.66575611 -0.20195491 -0.71831958
vn -0.68691185 0.20837243 -0.69622772
vn -0.68691185 0.20837243 0.69622772
vn 0.66575611 -0.20195491 0.71831958
vn 0.68234536 -0.13572693 -0.71831958
vn -0.70402826 0.14003993 -0.69622772
vn -0.70402826 0.14003993 0.69622772
vn 0.68234536 -0.13572693 0.71831958
vn 0.69236324 -0.06819183 -0.71831958
vn -0.71436448 0.07035876 -0.69622772
vn -0.71436448 0.07035876 0.69622772
vn 0.69236324 -0.06819183 0.71831958
vn 0.69571329 0.00000000 -0.71831958
vn -0.71782099 -0.00000000 -0.69622772
vn -0.71782099 0.00000000 0.69622772
vn 0.69571329 -0.00000000 0.71831958
vn 0.69236324 0.06819183 -0.71831958
vn -0.71436448 -0.07035876 -0.69622772
vn -0.71436448 -0.07035876 0.69622772
vn 0.69236324 0.06819183 0.71831958
vn 0.68234536 0.13572693 -0.71831958
vn -0.70402826 -0.14003993 -0.69622772
vn -0.70402826 -0.14003993 0.69622772
vn 0.68234536 0.13572693 0.71831958
vn 0.66575611 0.20195491 -0.71831958
vn -0.68691185 -0.20837243 -0.69622772
vn -0.68691185 -0.20837243 0.69622772
vn 0.66575611 0.20195491 0.71831958
vn 0.64275527 0.26623795 -0.71831958
vn -0.66318012 -0.27469820 -0.69622772
vn -0.66318012 -0.27469820 0.69622772
vn 0.64275527 0.26623795 0.71831958
vn 0.61356435 0.32795698 -0.71831958
vn -0.63306159 -0.33837847 -0.69622772
vn -0.63306159 -0.33837847 0.69622772
vn 0.61356435 0.32795698 0.71831958
vn 0.57846446 0.38651760 -0.71831958
vn -0.59684634 -0.39879997 -0.69622772
vn -0.59684634 -0.39879997 0.69622772
vn 0.57846446 0.38651760 0.71831958
vn 0.53779365 0.44135584 -0.71831958
vn -0.55488313 -0.45538081 -0.69622772
vn -0.55488313 -0.45538081 0.69622772
vn 0.53779365 0.44135584 0.71831958
vn 0.49194359 0.49194359 -0.71831958
vn -0.50757609 -0.50757609 -0.69622772
vn -0.50757609 -0.50757609 0.69622772
vn 0.49194359 0.49194359 0.71831958
vn 0.44135584 0.53779365 -0.71831958
vn -0.45538081 -0.55488313 -0.69622772
vn -0.45538081 -0.55488313 0.69622772
vn 0.44135584 0.53779365 0.71831958
vn 0.38651760 0.57846446 -0.71831958
vn -0.39879997 -0.59684634 -0.69622772
vn -0.39879997 -0.59684634 0.69622772
vn 0.38651760 0.57846446 0.71831958
vn 0.32795698 0.61356435 -0.71831958
vn -0.33837847 -0.63306159 -0.69622772
vn -0.33837847 -0.63306159 0.69622772
vn 0.32795698 0.61356435 0.71831958
vn 0.26623795 0.64275527 -0.71831958
vn -0.27469820 -0.66318012 -0.69622772
vn -0.27469820 -0.66318012 0.69622772
vn 0.26623795 0.64275527 0.71831958
vn 0.20195491 0.66575611 -0.71831958
vn -0.20837243 -0.68691185 -0.69622772
vn -0.20837243 -0.68691185 0.69622772
vn 0.20195491 0.66575611 0.71831958
vn 0.13572693 0.68234536 -0.71831958
vn -0.14003993 -0.70402826 -0.69622772
vn -0.14003993 -0.70402826 0.69622772
vn 0.13572693 0.68234536 0.71831958
vn 0.06819183 0.69236324 -0.71831958
vn -0.07035876 -0.71436448 -0.69622772
vn -0.07035876 -0.71436448 0.69622772
vn 0.06819183 0.69236324 0.71831958
vn -0.00000000 0.69571329 -0.71831958
vn 0.00000000 -0.71782099 -0.69622772
vn -0.00000000 -0.71782099 0.69622772
vn 0.00000000 0.69571329 0.71831958
vn -0.06819183 0.69236324 -0.71831958
vn 0.07035876 -0.71436448 -0.69622772
vn 0.07035876 -0.71436448 0.69622772
vn -0.06819183 0.69236324 0.71831958
vn -0.13572693 0.68234536 -0.71831958
vn 0.14003993 -0.70402826 -0.69622772
vn 0.14003993 -0.70402826 0.69622772
vn -0.13572693 0.68234536 0.71831958
vn -0.20195491 0.66575611 -0.71831958
vn 0.20837243 -0.68691185 -0.69622772
vn 0.20837243 -0.68691185 0.69622772
vn -0.20195491 0.66575611 0.71831958
vn -0.26623795 0.64275527 -0.71831958
vn 0.27469820 -0.66318012 -0.69622772
vn 0.27469820 -0.66318012 0.69622772
vn -0.26623795 0.64275527 0.71831958
vn -0.32795698 0.61356435 -0.71831958
vn 0.33837847 -0.63306159 -0.69622772
vn 0.33837847 -0.63306159 0.69622772
vn -0.32795698 0.61356435 0.71831958
vn -0.38651760 0.57846446 -0.71831958
vn 0.39879997 -0.59684634 -0.69622772
vn 0.39879997 -0.59684634 0.69622772
vn -0.38651760 0.57846446 0.71831958
vn -0.44135584 0.53779365 -0.71831958
vn 0.45538081 -0.55488313 -0.69622772
vn 0.45538081 -0.55488313 0.69622772
vn -0.44135584 0.53779365 0.71831958
vn -0.49194359 0.49194359 -0.71831958
vn 0.50757609 -0.50757609 -0.69622772
vn 0.50757609 -0.50757609 0.69622772
vn -0.49194359 0.49194359 0.71831958
vn -0.53779365 0.44135584 -0.71831958
vn 0.55488313 -0.45538081 -0.69622772
vn 0.55488313 -0.45538081 0.69622772
vn -0.53779365 0.44135584 0.71831958
vn -0.57846446 0.38651760 -0.71831958
vn 0.59684634 -0.39879997 -0.69622772
vn 0.59684634 -0.39879997 0.69622772
vn -0.57846446 0.38651760 0.71831958
vn -0.61356435 0.32795698 -0.71831958
vn 0.63306159 -0.33837847 -0.69622772
vn 0.63306159 -0.33837847 0.69622772
vn -0.61356435 0.32795698 0.71831958
vn -0.64275527 0.26623795 -0.71831958
vn 0.66318012 -0.27469820 -0.69622772
vn 0.66318012 -0.27469820 0.69622772
vn -0.64275527 0.26623795 0.71831958
vn -0.66575611 0.20195491 -0.71831958
vn 0.68691185 -0.20837243 -0.69622772
vn 0.68691185 -0.20837243 0.69622772
vn -0.66575611 0.20195491 0.71831958
vn -0.68234536 0.13572693 -0.71831958
vn 0.70402826 -0.14003993 -0.69622772
vn 0.70402826 -0.14003993 0.69622772
vn -0.68234536 0.13572693 0.71831958
vn -0.69236324 0.06819183 -0.71831958
vn 0.71436448 -0.07035876 -0.69622772
vn 0.71436448 -0.07035876 0.69622772
vn -0.69236324 0.06819183 0.71831958
vn -0.71831958 0.00000000 0.69571329
vn -0.69622772 -0.00000000 -0.71782099
vn 0.69622772 -0.00000000 -0.71782099
vn 0.71831958 0.00000000 0.69571329
vn -0.71831958 -0.06819183 0.69236324
vn -0.69622772 0.07035876 -0.71436448
vn 0.69622772 0.07035876 -0.71436448
vn 0.71831958 -0.06819183 0.69236324
vn -0.71831958 -0.13572693 0.68234536
vn -0.69622772 0.14003993 -0.70402826
vn 0.69622772 0.14003993 -0.70402826
vn 0.71831958 -0.13572693 0.68234536
vn -0.71831958 -0.20195491 0.66575611
vn -0.69622772 0.20837243 -0.68691185
vn 0.69622772 0.20837243 -0.68691185
vn 0.71831958 -0.20195491 0.66575611
vn -0.71831958 -0.26623795 0.64275527
vn -0.69622772 0.27469820 -0.66318012
vn 0.69622772 0.27469820 -0.66318012
vn 0.71831958 -0.26623795 0.64275527
vn -0.71831958 -0.32795698 0.61356435
vn -0.69622772 0.33837847 -0.63306159
vn 0.69622772 0.33837847 -0.63306159
vn 0.71831958 -0.32795698 0.61356435
vn -0.71831958 -0.38651760 0.57846446
vn -0.69622772 0.39879997 -0.59684634
vn 0.69622772 0.39879997 -0.59684634
vn 0.71831958 -0.38651760 0.57846446
vn -0.71831958 -0.44135584 0.53779365
vn -0.69622772 0.45538081 -0.55488313
vn 0.69622772 0.45538081 -0.55488313
vn 0.71831958 -0.44135584 0.53779365
vn -0.71831958 -0.49194359 0.49194359
vn -0.69622772 0.50757609 -0.50757609
vn 0.69622772 0.50757609 -0.50757609
vn 0.71831958 -0.49194359 0.49194359
vn -0.71831958 -0.53779365 0.44135584
vn -0.69622772 0.55488313 -0.45538081
vn 0.69622772 0.55488313 -0.45538081
vn 0.71831958 -0.53779365 0.44135584
vn -0.71831958 -0.57846446 0.38651760
vn -0.69622772 0.59684634 -0.39879997
vn 0.69622772 0.59684634 -0.39879997
vn 0.71831958 -0.57846446 0.38651760
vn -0.71831958 -0.61356435 0.32795698
vn -0.69622772 0.63306159 -0.33837847
vn 0.69622772 0.63306159 -0.33837847
vn 0.71831958 -0.61356435 0.32795698
vn -0.71831958 -0.64275527 0.26623795
vn -0.69622772 0.66318012 -0.27469820
vn 0.69622772 0.66318012 -0.27469820
vn 0.71831958 -0.64275527 0.26623795
vn -0.71831958 -0.66575611 0.20195491
vn -0.69622772 0.68691185 -0.20837243
vn 0.69622772 0.68691185 -0.20837243
vn 0.71831958 -0.66575611 0.20195491
vn -0.71831958 -0.68234536 0.13572693
vn -0.69622772 0.70402826 -0.14003993
vn 0.69622772 0.70402826 -0.14003993
vn 0.71831958 -0.68234536 0.13572693
vn -0.71831958 -0.69236324 0.06819183
vn -0.69622772 0.71436448 -0.07035876
vn 0.69622772 0.71436448 -0.07035876
vn 0.71831958 -0.69236324 0.06819183
vn -0.71831958 -0.69571329 -0.00000000
vn -0.69622772 0.71782099 -0.00000000
vn 0.69622772 0.71782099 -0.00000000
vn 0.71831958 -0.69571329 0.00000000
vn -0.71831958 -0.69236324 -0.06819183
vn -0.69622772 0.71436448 0.07035876
vn 0.69622772 0.71436448 0.07035876
vn 0.71831958 -0.69236324 -0.06819183
vn -0.71831958 -0.68234536 -0.13572693
vn -0.69622772 0.70402826 0.14003993
vn 0.69622772 0.70402826 0.14003993
vn 0.71831958 -0.68234536 -0.13572693
vn -0.71831958 -0.66575611 -0.20195491
vn -0.69622772 0.68691185 0.20837243
vn 0.69622772 0.68691185 0.20837243
vn 0.71831958 -0.66575611 -0.20195491
vn -0.71831958 -0.64275527 -0.26623795
vn -0.69622772 0.66318012 0.27469820
vn 0.69622772 0.66318012 0.27469820
vn 0.71831958 -0.64275527 -0.26623795
vn -0.71831958 -0.61356435 -0.32795698
vn -0.69622772 0.63306159 0.33837847
vn 0.69622772 0.63306159 0.33837847
vn 0.71831958 -0.61356435 -0.32795698
vn -0.71831958 -0.57846446 -0.38651760
vn -0.69622772 0.59684634 0.39879997
vn 0.69622772 0.59684634 0.39879997
vn 0.71831958 -0.57846446 -0.38651760
vn -0.71831958 -0.53779365 -0.44135584
vn -0.69622772 0.55488313 0.45538081
vn 0.69622772 0.55488313 0.45538081
vn 0.71831958 -0.53779365 -0.44135584
vn -0.71831958 -0.49194359 -0.49194359
vn -0.69622772 0.50757609 0.50757609
vn 0.69622772 0.50757609 0.50757609
vn 0.71831958 -0.49194359 -0.49194359
vn -0.71831958 -0.44135584 -0.53779365
vn -0.69622772 0.45538081 0.55488313
vn 0.69622772 0.45538081 0.55488313
vn 0.71831958 -0.44135584 -0.53779365
vn -0.71831958 -0.38651760 -0.57846446
vn -0.69622772 0.39879997 0.59684634
vn 0.69622772 0.39879997 0.59684634
vn 0.71831958 -0.38651760 -0.57846446
vn -0.71831958 -0.32795698 -0.61356435
vn -0.69622772 0.33837847 0.63306159
vn 0.69622772 0.33837847 0.63306159
vn 0.71831958 -0.32795698 -0.61356435
vn -0.71831958 -0.26623795 -0.64275527
vn -0.69622772 0.27469820 0.66318012
vn 0.69622772 0.27469820 0.66318012
vn 0.71831958 -0.26623795 -0.64275527
vn -0.71831958 -0.20195491 -0.66575611
vn -0.69622772 0.20837243 0.68691185
vn 0.69622772 0.20837243 0.68691185
vn 0.71831958 -0.20195491 -0.66575611
vn -0.71831958 -0.13572693 -0.68234536
vn -0.69622772 0.14003993 0.70402826
vn 0.69622772 0.14003993 0.70402826
vn 0.71831958 -0.13572693 -0.68234536
vn -0.71831958 -0.06819183 -0.69236324
vn -0.69622772 0.07035876 0.71436448
vn 0.69622772 0.07035876 0.71436448
vn 0.71831958 -0.06819183 -0.69236324
vn -0.71831958 0.00000000 -0.69571329
vn -0.69622772 0.00000000 0.71782099
vn 0.69622772 0.00000000 0.71782099
vn 0.71831958 -0.00000000 -0.69571329
vn -0.71831958 0.06819183 -0.69236324
vn -0.69622772 -0.07035876 0.71436448
vn 0.69622772 -0.07035876 0.71436448
vn 0.71831958 0.06819183 -0.69236324
vn -0.71831958 0.13572693 -0.68234536
vn -0.69622772 -0.14003993 0.70402826
vn 0.69622772 -0.14003993 0.70402826
vn 0.71831958 0.13572693 -0.68234536
vn -0.71831958 0.20195491 -0.66575611
vn -0.69622772 -0.20837243 0.68691185
vn 0.69622772 -0.20837243 0.68691185
vn 0.71831958 0.20195491 -0.66575611
vn -0.71831958 0.26623795 -0.64275527
vn -0.69622772 -0.27469820 0.66318012
vn 0.69622772 -0.27469820 0.66318012
vn 0.71831958 0.26623795 -0.64275527
vn -0.71831958 0.32795698 -0.61356435
vn -0.69622772 -0.33837847 0.63306159
vn 0.69622772 -0.33837847 0.63306159
vn 0.71831958 0.32795698 -0.61356435
vn -0.71831958 0.38651760 -0.57846446
vn -0.69622772 -0.39879997 0.59684634
vn 0.69622772 -0.39879997 0.59684634
vn 0.71831958 0.38651760 -0.57846446
vn -0.71831958 0.44135584 -0.53779365
vn -0.69622772 -0.45538081 0.55488313
vn 0.69622772 -0.45538081 0.55488313
vn 0.71831958 0.44135584 -0.53779365
vn -0.71831958 0.49194359 -0.49194359
vn -0.69622772 -0.50757609 0.50757609
vn 0.69622772 -0.50757609 0.50757609
vn 0.71831958 0.49194359 -0.49194359
vn -0.71831958 0.53779365 -0.44135584
vn -0.69622772 -0.55488313 0.45538081
vn 0.69622772 -0.55488313 0.45538081
vn 0.71831958 0.53779365 -0.44135584
vn -0.71831958 0.57846446 -0.38651760
vn -0.69622772 -0.59684634 0.39879997
vn 0.69622772 -0.59684634 0.39879997
vn 0.71831958 0.57846446 -0.38651760
vn -0.71831958 0.61356435 -0.32795698
vn -0.69622772 -0.63306159 0.33837847
vn 0.69622772 -0.63306159 0.33837847
vn 0.71831958 0.61356435 -0.32795698
vn -0.71831958 0.64275527 -0.26623795
vn -0.69622772 -0.66318012 0.27469820
vn 0.69622772 -0.66318012 0.27469820
vn 0.71831958 0.64275527 -0.26623795
vn -0.71831958 0.66575611 -0.20195491
vn -0.69622772 -0.68691185 0.20837243
vn 0.69622772 -0.68691185 0.20837243
vn 0.71831958 0.66575611 -0.20195491
vn -0.71831958 0.68234536 -0.13572693
vn -0.69622772 -0.70402826 0.14003993
vn 0.69622772 -0.70402826 0.14003993
vn 0.71831958 0.68234536 -0.13572693
vn -0.71831958 0.69236324 -0.06819183
vn -0.69622772 -0.71436448 0.07035876
vn 0.69622772 -0.71436448 0.07035876
vn 0.71831958 0.69236324 -0.06819183
vn -0.71831958 0.69571329 -0.00000000
vn -0.69622772 -0.71782099 0.00000000
vn 0.69622772 -0.71782099 -0.00000000
vn 0.71831958 0.69571329 -0.00000000
vn -0.71831958 0.69236324 0.06819183
vn -0.69622772 -0.71436448 -0.07035876
vn 0.69622772 -0.71436448 -0.07035876
vn 0.71831958 0.69236324 0.06819183
vn -0.71831958 0.68234536 0.13572693
vn -0.69622772 -0.70402826 -0.14003993
vn 0.69622772 -0.70402826 -0.14003993
vn 0.71831958 0.68234536 0.13572693
vn -0.71831958 0.66575611 0.20195491
vn -0.69622772 -0.68691185 -0.20837243
vn 0.69622772 -0.68691185 -0.20837243
vn 0.71831958 0.66575611 0.20195491
vn -0.71831958 0.64275527 0.26623795
vn -0.69622772 -0.66318012 -0.27469820
vn 0.69622772 -0.66318012 -0.27469820
vn 0.71831958 0.64275527 0.26623795
vn -0.71831958 0.61356435 0.32795698
vn -0.69622772 -0.63306159 -0.33837847
vn 0.69622772 -0.63306159 -0.33837847
vn 0.71831958 0.61356435 0.32795698
vn -0.71831958 0.57846446 0.38651760
vn -0.69622772 -0.59684634 -0.39879997
vn 0.69622772 -0.59684634 -0.39879997
vn 0.71831958 0.57846446 0.38651760
vn -0.71831958 0.53779365 0.44135584
vn -0.69622772 -0.55488313 -0.45538081
vn 0.69622772 -0.55488313 -0.45538081
vn 0.71831958 0.53779365 0.44135584
vn -0.71831958 0.49194359 0.49194359
vn -0.69622772 -0.50757609 -0.50757609
vn 0.69622772 -0.50757609 -0.50757609
vn 0.71831958 0.49194359 0.49194359
vn -0.71831958 0.44135584 0.53779365
vn -0.69622772 -0.45538081 -0.55488313
vn 0.69622772 -0.45538081 -0.55488313
vn 0.71831958 0.44135584 0.53779365
vn -0.71831958 0.38651760 0.57846446
vn -0.69622772 -0.39879997 -0.59684634
vn 0.69622772 -0.39879997 -0.59684634
vn 0.71831958 0.38651760 0.57846446
vn -0.71831958 0.32795698 0.61356435
vn -0.69622772 -0.33837847 -0.63306159
vn 0.69622772 -0.33837847 -0.63306159
vn 0.71831958 0.32795698 0.61356435
vn -0.71831958 0.26623795 0.64275527
vn -0.69622772 -0.27469820 -0.66318012
vn 0.69622772 -0.27469820 -0.66318012
vn 0.71831958 0.26623795 0.64275527
vn -0.71831958 0.20195491 0.66575611
vn -0.69622772 -0.20837243 -0.68691185
vn 0.69622772 -0.20837243 -0.68691185
vn 0.71831958 0.20195491 0.66575611
vn -0.71831958 0.13572693 0.68234536
vn -0.69622772 -0.14003993 -0.70402826
vn 0.69622772 -0.14003993 -0.70402826
vn 0.71831958 0.13572693 0.68234536
vn -0.71831958 0.06819183 0.69236324
vn -0.69622772 -0.07035876 -0.71436448
vn 0.69622772 -0.07035876 -0.71436448
vn 0.71831958 0.06819183 0.69236324
vn -0.71831958 0.00000000 0.69571329
vn -0.69622772 -0.00000000 -0.71782099
vn 0.69622772 -0.00000000 -0.71782099
vn 0.71831958 0.00000000 0.69571329
vn -0.71831958 -0.06819183 0.69236324
vn -0.69622772 0.07035876 -0.71436448
vn 0.69622772 0.07035876 -0.71436448
vn 0.71831958 -0.06819183 0.69236324
vn -0.71831958 -0.13572693 0.68234536
vn -0.69622772 0.14003993 -0.70402826
vn 0.69622772 0.14003993 -0.70402826
vn 0.71831958 -0.13572693 0.68234536
vn -0.71831958 -0.20195491 0.66575611
vn -0.69622772 0.20837243 -0.68691185
vn 0.69622772 0.20837243 -0.68691185
vn 0.71831958 -0.20195491 0.66575611
vn -0.71831958 -0.26623795 0.64275527
vn -0.69622772 0.27469820 -0.66318012
vn 0.69622772 0.27469820 -0.66318012
vn 0.71831958 -0.26623795 0.64275527
vn -0.71831958 -0.32795698 0.61356435
vn -0.69622772 0.33837847 -0.63306159
vn 0.69622772 0.33837847 -0.63306159
vn 0.71831958 -0.32795698 0.61356435
vn -0.71831958 -0.38651760 0.57846446
vn -0.69622772 0.39879997 -0.59684634
vn 0.69622772 0.39879997 -0.59684634
vn 0.71831958 -0.38651760 0.57846446
vn -0.71831958 -0.44135584 0.53779365
vn -0.69622772 0.45538081 -0.55488313
vn 0.69622772 0.45538081 -0.55488313
vn 0.71831958 -0.44135584 0.53779365
vn -0.71831958 -0.49194359 0.49194359
vn -0.69622772 0.50757609 -0.50757609
vn 0.69622772 0.50757609 -0.50757609
vn 0.71831958 -0.49194359 0.49194359
vn -0.71831958 -0.53779365 0.44135584
vn -0.69622772 0.55488313 -0.45538081
vn 0.69622772 0.55488313 -0.45538081
vn 0.71831958 -0.53779365 0.44135584
vn -0.71831958 -0.57846446 0.38651760
vn -0.69622772 0.59684634 -0.39879997
vn 0.69622772 0.59684634 -0.39879997
vn 0.71831958 -0.57846446 0.38651760
vn -0.71831958 -0.61356435 0.32795698
vn -0.69622772 0.63306159 -0.33837847
vn 0.69622772 0.63306159 -0.33837847
vn 0.71831958 -0.61356435 0.32795698
vn -0.71831958 -0.64275527 0.26623795
vn -0.69622772 0.66318012 -0.27469820
vn 0.69622772 0.66318012 -0.27469820
vn 0.71831958 -0.64275527 0.26623795
vn -0.71831958 -0.66575611 0.20195491
vn -0.69622772 0.68691185 -0.20837243
vn 0.69622772 0.68691185 -0.20837243
vn 0.71831958 -0.66575611 0.20195491
vn -0.71831958 -0.68234536 0.13572693
vn -0.69622772 0.70402826 -0.14003993
vn 0.69622772 0.70402826 -0.14003993
vn 0.71831958 -0.68234536 0.13572693
vn -0.71831958 -0.69236324 0.06819183
vn -0.69622772 0.71436448 -0.07035876
vn 0.69622772 0.71436448 -0.07035876
vn 0.71831958 -0.69236324 0.06819183
vn -0.71831958 -0.69571329 -0.00000000
vn -0.69622772 0.71782099 -0.00000000
vn 0.69622772 0.71782099 -0.00000000
vn 0.71831958 -0.69571329 0.00000000
vn -0.71831958 -0.69236324 -0.06819183
vn -0.69622772 0.71436448 0.07035876
vn 0.69622772 0.71436448 0.07035876
vn 0.71831958 -0.69236324 -0.06819183
vn -0.71831958 -0.68234536 -0.13572693
vn -0.69622772 0.70402826 0.14003993
vn 0.69622772 0.70402826 0.14003993
vn 0.71831958 -0.68234536 -0.13572693
vn -0.71831958 -0.66575611 -0.20195491
vn -0.69622772 0.68691185 0.20837243
vn 0.69622772 0.68691185 0.20837243
vn 0.71831958 -0.66575611 -0.20195491
vn -0.71831958 -0.64275527 -0.26623795
vn -0.69622772 0.66318012 0.27469820
vn 0.69622772 0.66318012 0.27469820
vn 0.71831958 -0.64275527 -0.26623795
vn -0.71831958 -0.61356435 -0.32795698
vn -0.69622772 0.63306159 0.33837847
vn 0.69622772 0.63306159 0.33837847
vn 0.71831958 -0.61356435 -0.32795698
vn -0.71831958 -0.57846446 -0.38651760
vn -0.69622772 0.59684634 0.39879997
vn 0.69622772 0.59684634 0.39879997
vn 0.71831958 -0.57846446 -0.38651760
vn -0.71831958 -0.53779365 -0.44135584
vn -0.69622772 0.55488313 0.45538081
vn 0.69622772 0.55488313 0.45538081
vn 0.71831958 -0.53779365 -0.44135584
vn -0.71831958 -0.49194359 -0.49194359
vn -0.69622772 0.50757609 0.50757609
vn 0.69622772 0.50757609 0.50757609
vn 0.71831958 -0.49194359 -0.49194359
vn -0.71831958 -0.44135584 -0.53779365
vn -0.69622772 0.45538081 0.55488313
vn 0.69622772 0.45538081 0.55488313
vn 0.71831958 -0.44135584 -0.53779365
vn -0.71831958 -0.38651760 -0.57846446
vn -0.69622772 0.39879997 0.59684634
vn 0.69622772 0.39879997 0.59684634
vn 0.71831958 -0.38651760 -0.57846446
vn -0.71831958 -0.32795698 -0.61356435
vn -0.69622772 0.33837847 0.63306159
vn 0.69622772 0.33837847 0.63306159
vn 0.71831958 -0.32795698 -0.61356435
vn -0.71831958 -0.26623795 -0.64275527
vn -0.69622772 0.27469820 0.66318012
vn 0.69622772 0.27469820 0.66318012
vn 0.71831958 -0.26623795 -0.64275527
vn -0.71831958 -0.20195491 -0.66575611
vn -0.69622772 0.20837243 0.68691185
vn 0.69622772 0.20837243 0.68691185
vn 0.71831958 -0.20195491 -0.66575611
vn -0.71831958 -0.13572693 -0.68234536
vn -0.69622772 0.14003993 0.70402826
vn 0.69622772 0.14003993 0.70402826
vn 0.71831958 -0.13572693 -0.68234536
vn -0.71831958 -0.06819183 -0.69236324
vn -0.69622772 0.07035876 0.71436448
vn 0.69622772 0.07035876 0.71436448
vn 0.71831958 -0.06819183 -0.69236324
vn -0.71831958 0.00000000 -0.69571329
vn -0.69622772 0.00000000 0.71782099
vn 0.69622772 0.00000000 0.71782099
vn 0.71831958 -0.00000000 -0.69571329
vn -0.71831958 0.06819183 -0.69236324
vn -0.69622772 -0.07035876 0.71436448
vn 0.69622772 -0.07035876 0.71436448
vn 0.71831958 0.06819183 -0.69236324
vn -0.71831958 0.13572693 -0.68234536
vn -0.69622772 -0.14003993 0.70402826
vn 0.69622772 -0.14003993 0.70402826
vn 0.71831958 0.13572693 -0.68234536
vn -0.71831958 0.20195491 -0.66575611
vn -0.69622772 -0.20837243 0.68691185
vn 0.69622772 -0.20837243 0.68691185
vn 0.71831958 0.20195491 -0.66575611
vn -0.71831958 0.26623795 -0.64275527
vn -0.69622772 -0.27469820 0.66318012
vn 0.69622772 -0.27469820 0.66318012
vn 0.71831958 0.26623795 -0.64275527
vn -0.71831958 0.32795698 -0.61356435
vn -0.69622772 -0.33837847 0.63306159
vn 0.69622772 -0.33837847 0.63306159
vn 0.71831958 0.32795698 -0.61356435
vn -0.71831958 0.38651760 -0.57846446
vn -0.69622772 -0.39879997 0.59684634
vn 0.69622772 -0.39879997 0.59684634
vn 0.71831958 0.38651760 -0.57846446
vn -0.71831958 0.44135584 -0.53779365
vn -0.69622772 -0.45538081 0.55488313
vn 0.69622772 -0.45538081 0.55488313
vn 0.71831958 0.44135584 -0.53779365
vn -0.71831958 0.49194359 -0.49194359
vn -0.69622772 -0.50757609 0.50757609
vn 0.69622772 -0.50757609 0.50757609
vn 0.71831958 0.49194359 -0.49194359
vn -0.71831958 0.53779365 -0.44135584
vn -0.69622772 -0.55488313 0.45538081
vn 0.69622772 -0.55488313 0.45538081
vn 0.71831958 0.53779365 -0.44135584
vn -0.71831958 0.57846446 -0.38651760
vn -0.69622772 -0.59684634 0.39879997
vn 0.69622772 -0.59684634 0.39879997
vn 0.71831958 0.57846446 -0.38651760
vn -0.71831958 0.61356435 -0.32795698
vn -0.69622772 -0.63306159 0.33837847
vn 0.69622772 -0.63306159 0.33837847
vn 0.71831958 0.61356435 -0.32795698
vn -0.71831958 0.64275527 -0.26623795
vn -0.69622772 -0.66318012 0.27469820
vn 0.69622772 -0.66318012 0.27469820
vn 0.71831958 0.64275527 -0.26623795
vn -0.71831958 0.66575611 -0.20195491
vn -0.69622772 -0.68691185 0.20837243
vn 0.69622772 -0.68691185 0.20837243
vn 0.71831958 0.66575611 -0.20195491
vn -0.71831958 0.68234536 -0.13572693
vn -0.69622772 -0.70402826 0.14003993
vn 0.69622772 -0.70402826 0.14003993
vn 0.71831958 0.68234536 -0.13572693
vn -0.71831958 0.69236324 -0.06819183
vn -0.69622772 -0.71436448 0.07035876
vn 0.69622772 -0.71436448 0.07035876
vn 0.71831958 0.69236324 -0.06819183
vn -0.71831958 0.69571329 -0.00000000
vn -0.69622772 -0.71782099 0.00000000
vn 0.69622772 -0.71782099 -0.00000000
vn 0.71831958 0.69571329 -0.00000000
vn -0.71831958 0.69236324 0.06819183
vn -0.69622772 -0.71436448 -0.07035876
vn 0.69622772 -0.71436448 -0.07035876
vn 0.71831958 0.69236324 0.06819183
vn -0.71831958 0.68234536 0.13572693
vn -0.69622772 -0.70402826 -0.14003993
vn 0.69622772 -0.70402826 -0.14003993
vn 0.71831958 0.68234536 0.13572693
vn -0.71831958 0.66575611 0.20195491
vn -0.69622772 -0.68691185 -0.20837243
vn 0.69622772 -0.68691185 -0.20837243
vn 0.71831958 0.66575611 0.20195491
vn -0.71831958 0.64275527 0.26623795
vn -0.69622772 -0.66318012 -0.27469820
vn 0.69622772 -0.66318012 -0.27469820
vn 0.71831958 0.64275527 0.26623795
vn -0.71831958 0.61356435 0.32795698
vn -0.69622772 -0.63306159 -0.33837847
vn 0.69622772 -0.63306159 -0.33837847
vn 0.71831958 0.61356435 0.32795698
vn -0.71831958 0.57846446 0.38651760
vn -0.69622772 -0.59684634 -0.39879997
vn 0.69622772 -0.59684634 -0.39879997
vn 0.71831958 0.57846446 0.38651760
vn -0.71831958 0.53779365 0.44135584
vn -0.69622772 -0.55488313 -0.45538081
vn 0.69622772 -0.55488313 -0.45538081
vn 0.71831958 0.53779365 0.44135584
vn -0.71831958 0.49194359 0.49194359
vn -0.69622772 -0.50757609 -0.50757609
vn 0.69622772 -0.50757609 -0.50757609
vn 0.71831958 0.49194359 0.49194359
vn -0.71831958 0.44135584 0.53779365
vn -0.69622772 -0.45538081 -0.55488313
vn 0.69622772 -0.45538081 -0.55488313
vn 0.71831958 0.44135584 0.53779365
vn -0.71831958 0.38651760 0.57846446
vn -0.69622772 -0.39879997 -0.59684634
vn 0.69622772 -0.39879997 -0.59684634
vn 0.71831958 0.38651760 0.57846446
vn -0.71831958 0.32795698 0.61356435
vn -0.69622772 -0.33837847 -0.63306159
vn 0.69622772 -0.33837847 -0.63306159
vn 0.71831958 0.32795698 0.61356435
vn -0.71831958 0.26623795 0.64275527
vn -0.69622772 -0.27469820 -0.66318012
vn 0.69622772 -0.27469820 -0.66318012
vn 0.71831958 0.26623795 0.64275527
vn -0.71831958 0.20195491 0.66575611
vn -0.69622772 -0.20837243 -0.68691185
vn 0.69622772 -0.20837243 -0.68691185
vn 0.71831958 0.20195491 0.66575611
vn -0.71831958 0.13572693 0.68234536
vn -0.69622772 -0.14003993 -0.70402826
vn 0.69622772 -0.14003993 -0.70402826
vn 0.71831958 0.13572693 0.68234536
vn -0.71831958 0.06819183 0.69236324
vn -0.69622772 -0.07035876 -0.71436448
vn 0.69622772 -0.07035876 -0.71436448
vn 0.71831958 0.06819183 0.69236324
vn -0.69571329 0.00000000 -0.71831958
vn 0.71782099 -0.00000000 -0.69622772
vn 0.71782099 -0.00000000 0.69622772
vn -0.69571329 0.00000000 0.71831958
vn -0.69236324 -0.06819183 -0.71831958
vn 0.71436448 0.07035876 -0.69622772
vn 0.71436448 0.07035876 0.69622772
vn -0.69236324 -0.06819183 0.71831958
vn -0.68234536 -0.13572693 -0.71831958
vn 0.70402826 0.14003993 -0.69622772
vn 0.70402826 0.14003993 0.69622772
vn -0.68234536 -0.13572693 0.71831958
vn -0.66575611 -0.20195491 -0.71831958
vn 0.68691185 0.20837243 -0.69622772
vn 0.68691185 0.20837243 0.69622772
vn -0.66575611 -0.20195491 0.71831958
vn -0.64275527 -0.26623795 -0.71831958
vn 0.66318012 0.27469820 -0.69622772
vn 0.66318012 0.27469820 0.69622772
vn -0.64275527 -0.26623795 0.71831958
vn -0.61356435 -0.32795698 -0.71831958
vn 0.63306159 0.33837847 -0.69622772
vn 0.63306159 0.33837847 0.69622772
vn -0.61356435 -0.32795698 0.71831958
vn -0.57846446 -0.38651760 -0.71831958
vn 0.59684634 0.39879997 -0.69622772
vn 0.59684634 0.39879997 0.69622772
vn -0.57846446 -0.38651760 0.71831958
vn -0.53779365 -0.44135584 -0.71831958
vn 0.55488313 0.45538081 -0.69622772
vn 0.55488313 0.45538081 0.69622772
vn -0.53779365 -0.44135584 0.71831958
vn -0.49194359 -0.49194359 -0.71831958
vn 0.50757609 0.50757609 -0.69622772
vn 0.50757609 0.50757609 0.69622772
vn -0.49194359 -0.49194359 0.71831958
vn -0.44135584 -0.53779365 -0.71831958
vn 0.45538081 0.55488313 -0.69622772
vn 0.45538081 0.55488313 0.69622772
vn -0.44135584 -0.53779365 0.71831958
vn -0.38651760 -0.57846446 -0.71831958
vn 0.39879997 0.59684634 -0.69622772
vn 0.39879997 0.59684634 0.69622772
vn -0.38651760 -0.57846446 0.71831958
vn -0.32795698 -0.61356435 -0.71831958
vn 0.33837847 0.63306159 -0.69622772
vn 0.33837847 0.63306159 0.69622772
vn -0.32795698 -0.61356435 0.71831958
vn -0.26623795 -0.64275527 -0.71831958
vn 0.27469820 0.66318012 -0.69622772
vn 0.27469820 0.66318012 0.69622772
vn -0.26623795 -0.64275527 0.71831958
vn -0.20195491 -0.66575611 -0.71831958
vn 0.20837243 0.68691185 -0.69622772
vn 0.20837243 0.68691185 0.69622772
vn -0.20195491 -0.66575611 0.71831958
vn -0.13572693 -0.68234536 -0.71831958
vn 0.14003993 0.70402826 -0.69622772
vn 0.14003993 0.70402826 0.69622772
vn -0.13572693 -0.68234536 0.71831958
vn -0.06819183 -0.69236324 -0.71831958
vn 0.07035876 0.71436448 -0.69622772
vn 0.07035876 0.71436448 0.69622772
vn -0.06819183 -0.69236324 0.71831958
vn 0.00000000 -0.69571329 -0.71831958
vn 0.00000000 0.71782099 -0.69622772
vn 0.00000000 0.71782099 0.69622772
vn -0.00000000 -0.69571329 0.71831958
vn 0.06819183 -0.69236324 -0.71831958
vn -0.07035876 0.71436448 -0.69622772
vn -0.07035876 0.71436448 0.69622772
vn 0.06819183 -0.69236324 0.71831958
vn 0.13572693 -0.68234536 -0.71831958
vn -0.14003993 0.70402826 -0.69622772
vn -0.14003993 0.70402826 0.69622772
vn 0.13572693 -0.68234536 0.71831958
vn 0.20195491 -0.66575611 -0.71831958
vn -0.20837243 0.68691185 -0.69622772
vn -0.20837243 0.68691185 0.69622772
vn 0.20195491 -0.66575611 0.71831958
vn 0.26623795 -0.64275527 -0.71831958
vn -0.27469820 0.66318012 -0.69622772
vn -0.27469820 0.66318012 0.69622772
vn 0.26623795 -0.64275527 0.71831958
vn 0.32795698 -0.61356435 -0.71831958
vn -0.33837847 0.63306159 -0.69622772
vn -0.33837847 0.63306159 0.69622772
vn 0.32795698 -0.61356435 0.71831958
vn 0.38651760 -0.57846446 -0.71831958
vn -0.39879997 0.59684634 -0.69622772
vn -0.39879997 0.59684634 0.69622772
vn 0.38651760 -0.57846446 0.71831958
vn 0.44135584 -0.53779365 -0.71831958
vn -0.45538081 0.55488313 -0.69622772
vn -0.45538081 0.55488313 0.69622772
vn 0.44135584 -0.53779365 0.71831958
vn 0.49194359 -0.49194359 -0.71831958
vn -0.50757609 0.50757609 -0.69622772
vn -0.50757609 0.50757609 0.69622772
vn 0.49194359 -0.49194359 0.71831958
vn 0.53779365 -0.44135584 -0.71831958
vn -0.55488313 0.45538081 -0.69622772
vn -0.55488313 0.45538081 0.69622772
vn 0.53779365 -0.44135584 0.71831958
vn 0.57846446 -0.38651760 -0.71831958
vn -0.59684634 0.39879997 -0.69622772
vn -0.59684634 0.39879997 0.69622772
vn 0.57846446 -0.38651760 0.71831958
vn 0.61356435 -0.32795698 -0.71831958
vn -0.63306159 0.33837847 -0.69622772
vn -0.63306159 0.33837847 0.69622772
vn 0.61356435 -0.32795698 0.71831958
vn 0.64275527 -0.26623795 -0.71831958
vn -0.66318012 0.27469820 -0.69622772
vn -0.66318012 0.27469820 0.69622772
vn 0.64275527 -0.26623795 0.71831958
vn 0.66575611 -0.20195491 -0.71831958
vn -0.68691185 0.20837243 -0.69622772
vn -0.68691185 0.20837243 0.69622772
vn 0.66575611 -0.20195491 0.71831958
vn 0.68234536 -0.13572693 -0.71831958
vn -0.70402826 0.14003993 -0.69622772
vn -0.70402826 0.14003993 0.69622772
vn 0.68234536 -0.13572693 0.71831958
vn 0.69236324 -0.06819183 -0.71831958
vn -0.71436448 0.07035876 -0.69622772
vn -0.71436448 0.07035876 0.69622772
vn 0.69236324 -0.06819183 0.71831958
vn 0.69571329 0.00000000 -0.71831958
vn -0.71782099 0.00000000 -0.69622772
vn -0.71782099 0.00000000 0.69622772
vn 0.69571329 -0.00000000 0.71831958
vn 0.69236324 0.06819183 -0.71831958
vn -0.71436448 -0.07035876 -0.69622772
vn -0.71436448 -0.07035876 0.69622772
vn 0.69236324 0.06819183 0.71831958
vn 0.68234536 0.13572693 -0.71831958
vn -0.70402826 -0.14003993 -0.69622772
vn -0.70402826 -0.14003993 0.69622772
vn 0.68234536 0.13572693 0.71831958
vn 0.66575611 0.20195491 -0.71831958
vn -0.68691185 -0.20837243 -0.69622772
vn -0.68691185 -0.20837243 0.69622772
vn 0.66575611 0.20195491 0.71831958
vn 0.64275527 0.26623795 -0.71831958
vn -0.66318012 -0.27469820 -0.69622772
vn -0.66318012 -0.27469820 0.69622772
vn 0.64275527 0.26623795 0.71831958
vn 0.61356435 0.32795698 -0.71831958
vn -0.63306159 -0.33837847 -0.69622772
vn -0.63306159 -0.33837847 0.69622772
vn 0.61356435 0.32795698 0.71831958
vn 0.57846446 0.38651760 -0.71831958
vn -0.59684634 -0.39879997 -0.69622772
vn -0.59684634 -0.39879997 0.69622772
vn 0.57846446 0.38651760 0.71831958
vn 0.53779365 0.44135584 -0.71831958
vn -0.55488313 -0.45538081 -0.69622772
vn -0.55488313 -0.45538081 0.69622772
vn 0.53779365 0.44135584 0.71831958
vn 0.49194359 0.49194359 -0.71831958
vn -0.50757609 -0.50757609 -0.69622772
vn -0.50757609 -0.50757609 0.69622772
vn 0.49194359 0.49194359 0.71831958
vn 0.44135584 0.53779365 -0.71831958
vn -0.45538081 -0.55488313 -0.69622772
vn -0.45538081 -0.55488313 0.69622772
vn 0.44135584 0.53779365 0.71831958
vn 0.38651760 0.57846446 -0.71831958
vn -0.39879997 -0.59684634 -0.69622772
vn -0.39879997 -0.59684634 0.69622772
vn 0.38651760 0.57846446 0.71831958
vn 0.32795698 0.61356435 -0.71831958
vn -0.33837847 -0.63306159 -0.69622772
vn -0.33837847 -0.63306159 0.69622772
vn 0.32795698 0.61356435 0.71831958
vn 0.26623795 0.64275527 -0.71831958
vn -0.27469820 -0.66318012 -0.69622772
vn -0.27469820 -0.66318012 0.69622772
vn 0.26623795 0.64275527 0.71831958
vn 0.20195491 0.66575611 -0.71831958
vn -0.20837243 -0.68691185 -0.69622772
vn -0.20837243 -0.68691185 0.69622772
vn 0.20195491 0.66575611 0.71831958
vn 0.13572693 0.68234536 -0.71831958
vn -0.14003993 -0.70402826 -0.69622772
vn -0.14003993 -0.70402826 0.69622772
vn 0.13572693 0.68234536 0.71831958
vn 0.06819183 0.69236324 -0.71831958
vn -0.07035876 -0.71436448 -0.69622772
vn -0.07035876 -0.71436448 0.69622772
vn 0.06819183 0.69236324 0.71831958
vn 0.00000000 0.69571329 -0.71831958
vn -0.00000000 -0.71782099 -0.69622772
vn -0.00000000 -0.71782099 0.69622772
vn 0.00000000 0.69571329 0.71831958
vn -0.06819183 0.69236324 -0.71831958
vn 0.07035876 -0.71436448 -0.69622772
vn 0.07035876 -0.71436448 0.69622772
vn -0.06819183 0.69236324 0.71831958
vn -0.13572693 0.68234536 -0.71831958
vn 0.14003993 -0.70402826 -0.69622772
vn 0.14003993 -0.70402826 0.69622772
vn -0.13572693 0.68234536 0.71831958
vn -0.20195491 0.66575611 -0.71831958
vn 0.20837243 -0.68691185 -0.69622772
vn 0.20837243 -0.68691185 0.69622772
vn -0.20195491 0.66575611 0.71831958
vn -0.26623795 0.64275527 -0.71831958
vn 0.27469820 -0.66318012 -0.69622772
vn 0.27469820 -0.66318012 0.69622772
vn -0.26623795 0.64275527 0.71831958
vn -0.32795698 0.61356435 -0.71831958
vn 0.33837847 -0.63306159 -0.69622772
vn 0.33837847 -0.63306159 0.69622772
vn -0.32795698 0.61356435 0.71831958
vn -0.38651760 0.57846446 -0.71831958
vn 0.39879997 -0.59684634 -0.69622772
vn 0.39879997 -0.59684634 0.69622772
vn -0.38651760 0.57846446 0.71831958
vn -0.44135584 0.53779365 -0.71831958
vn 0.45538081 -0.55488313 -0.69622772
vn 0.45538081 -0.55488313 0.69622772
vn -0.44135584 0.53779365 0.71831958
vn -0.49194359 0.49194359 -0.71831958
vn 0.50757609 -0.50757609 -0.69622772
vn 0.50757609 -0.50757609 0.69622772
vn -0.49194359 0.49194359 0.71831958
vn -0.53779365 0.44135584 -0.71831958
vn 0.55488313 -0.45538081 -0.69622772
vn 0.55488313 -0.45538081 0.69622772
vn -0.53779365 0.44135584 0.71831958
vn -0.57846446 0.38651760 -0.71831958
vn 0.59684634 -0.39879997 -0.69622772
vn 0.59684634 -0.39879997 0.69622772
vn -0.57846446 0.38651760 0.71831958
vn -0.61356435 0.32795698 -0.71831958
vn 0.63306159 -0.33837847 -0.69622772
vn 0.63306159 -0.33837847 0.69622772
vn -0.61356435 0.32795698 0.71831958
vn -0.64275527 0.26623795 -0.71831958
vn 0.66318012 -0.27469820 -0.69622772
vn 0.66318012 -0.27469820 0.69622772
vn -0.64275527 0.26623795 0.71831958
vn -0.66575611 0.20195491 -0.71831958
vn 0.68691185 -0.20837243 -0.69622772
vn 0.68691185 -0.20837243 0.69622772
vn -0.66575611 0.20195491 0.71831958
vn -0.68234536 0.13572693 -0.71831958
vn 0.70402826 -0.14003993 -0.69622772
vn 0.70402826 -0.14003993 0.69622772
vn -0.68234536 0.13572693 0.71831958
vn -0.69236324 0.06819183 -0.71831958
vn 0.71436448 -0.07035876 -0.69622772
vn 0.71436448 -0.07035876 0.69622772
vn -0.69236324 0.06819183 0.71831958
f 1//1 5//5 2//2
f 2//2 5//5 6//6
f 2//2 6//6 3//3
f 3//3 6//6 7//7
f 3//3 7//7 4//4
f 4//4 7//7 8//8
f 4//4 8//8 1//1
f 1//1 8//8 5//5
f 5//5 9//9 6//6
f 6//6 9//9 10//10
f 6//6 10//10 7//7
f 7//7 10//10 11//11
f 7//7 11//11 8//8
f 8//8 11//11 12//12
f 8//8 12//12 5//5
f 5//5 12//12 9//9
f 9//9 13//13 10//10
f 10//10 13//13 14//14
f 10//10 14//14 11//11
f 11//11 14//14 15//15
f 11//11 15//15 12//12
f 12//12 15//15 16//16
f 12//12 16//16 9//9
f 9//9 16//16 13//13
f 13//13 17//17 14//14
f 14//14 17//17 18//18
f 14//14 18//18 15//15
f 15//15 18//18 19//19
f 15//15 19//19 16//16
f 16//16 19//19 20//20
f 16//16 20//20 13//13
f 13//13 20//20 17//17
f 17//17 21//21 18//18
f 18//18 21//21 22//22
f 18//18 22//22 19//19
f 19//19 22//22 23//23
f 19//19 23//23 20//20
f 20//20 23//23 24//24
f 20//20 24//24 17//17
f 17//17 24//24 21//21
f 21//21 25//25 22//22
f 22//22 25//25 26//26
f 22//22 26//26 23//23
f 23//23 26//26 27//27
f 23//23 27//27 24//24
f 24//24 27//27 28//28
f 24//24 28//28 21//21
f 21//21 28//28 25//25
f 25//25 29//29 26//26
f 26//26 29//29 30//30
f 26//26 30//30 27//27
f 27//27 30//30 31//31
f 27//27 31//31 28//28
f 28//28 31//31 32//32
f 28//28 32//32 25//25
f 25//25 32//32 29//29
f 29//29 33//33 30//30
f 30//30 33//33 34//34
f 30//30 34//34 31//31
f 31//31 34//34 35//35
f 31//31 35//35 32//32
f 32//32 35//35 36//36
f 32//32 36//36 29//29
f 29//29 36//36 33//33
f 33//33 37//37 34//34
f 34//34 37//37 38//38
f 34//34 38//38 35//35
f 35//35 38//38 39//39
f 35//35 39//39 36//36
f 36//36 39//39 40//40
f 36//36 40//40 33//33
f 33//33 40//40 37//37
f 37//37 41//41 38//38
f 38//38 41//41 42//42
f 38//38 42//42 39//39
f 39//39 42//42 43//43
f 39//39 43//43 40//40
f 40//40 43//43 44//44
f 40//40 44//44 37//37
f 37//37 44//44 41//41
f 41//41 45//45 42//42
f 42//42 45//45 46//46
f 42//42 46//46 43//43
f 43//43 46//46 47//47
f 43//43 47//47 44//44
f 44//44 47//47 48//48
f 44//44 48//48 41//41
f 41//41 48//48 45//45
f 45//45 49//49 46//46
f 46//46 49//49 50//50
f 46//46 50//50 47//47
f 47//47 50//50 51//51
f 47//47 51//51 48//48
f 48//48 51//51 52//52
f 48//48 52//52 45//45
f 45//45 52//52 49//49
f 49//49 53//53 50//50
f 50//50 53//53 54//54
f 50//50 54//54 51//51
f 51//51 54//54 55//55
f 51//51 55//55 52//52
f 52//52 55//55 56//56
f 52//52 56//56 49//49
f 49//49 56//56 53//53
f 53//53 57//57 54//54
f 54//54 57//57 58//58
f 54//54 58//58 55//55
f 55//55 58//58 59//59
f 55//55 59//59 56//56
f 56//56 59//59 60//60
f 56//56 60//60 53//53
f 53//53 60//60 57//57
f 57//57 61//61 58//58
f 58//58 61//61 62//62
f 58//58 62//62 59//59
f 59//59 62//62 63//63
f 59//59 63//63 60//60
f 60//60 63//63 64//64
f 60//60 64//64 57//57
f 57//57 64//64 61//61
f 61//61 65//65 62//62
f 62//62 65//65 66//66
f 62//62 66//66 63//63
f 63//63 66//66 67//67
f 63//63 67//67 64//64
f 64//64 67//67 68//68
f 64//64 68//68 61//61
f 61//61 68//68 65//65
f 65//65 69//69 66//66
f 66//66 69//69 70//70
f 66//66 70//70 67//67
f 67//67 70//70 71//71
f 67//67 71//71 68//68
f 68//68 71//71 72//72
f 68//68 72//72 65//65
f 65//65 72//72 69//69
f 69//69 73//73 70//70
f 70//70 73//73 74//74
f 70//70 74//74 71//71
f 71//71 74//74 75//75
f 71//71 75//75 72//72
f 72//72 75//75 76//76
f 72//72 76//76 69//69
f 69//69 76//76 73//73
f 73//73 77//77 74//74
f 74//74 77//77 78//78
f 74//74 78//78 75//75
f 75//75 78//78 79//79
f 75//75 79//79 76//76
f 76//76 79//79 80//80
f 76//76 80//80 73//73
f 73//73 80//80 77//77
f 77//77 81//81 78//78
f 78//78 81//81 82//82
f 78//78 82//82 79//79
f 79//79 82//82 83//83
f 79//79 83//83 80//80
f 80//80 83//83 84//84
f 80//80 84//84 77//77
f 77//77 84//84 81//81
f 81//81 85//85 82//82
f 82//82 85//85 86//86
f 82//82 86//86 83//83
f 83//83 86//86 87//87
f 83//83 87//87 84//84
f 84//84 87//87 88//88
f 84//84 88//88 81//81
f 81//81 88//88 85//85
f 85//85 89//89 86//86
f 86//86 89//89 90//90
f 86//86 90//90 87//87
f 87//87 90//90 91//91
f 87//87 91//91 88//88
f 88//88 91//91 92//92
f 88//88 92//92 85//85
f 85//85 92//92 89//89
f 89//89 93//93 90//90
f 90//90 93//93 94//94
f 90//90 94//94 91//91
f 91//91 94//94 95//95
f 91//91 95//95 92//92
f 92//92 95//95 96//96
f 92//92 96//96 89//89
f 89//89 96//96 93//93
f 93//93 97//97 94//94
f 94//94 97//97 98//98
f 94//94 98//98 95//95
f 95//95 98//98 99//99
f 95//95 99//99 96//96
f 96//96 99//99 100//100
f 96//96 100//100 93//93
f 93//93 100//100 97//97
f 97//97 101//101 98//98
f 98//98 101//101 102//102
f 98//98 102//102 99//99
f 99//99 102//102 103//103
f 99//99 103//103 100//100
f 100//100 103//103 104//104
f 100//100 104//104 97//97
f 97//97 104//104 101//101
f 101//101 105//105 102//102
f 102//102 105//105 106//106
f 102//102 106//106 103//103
f 103//103 106//106 107//107
f 103//103 107//107 104//104
f 104//104 107//107 108//108
f 104//104 108//108 101//101
f 101//101 108//108 105//105
f 105//105 109//109 106//106
f 106//106 109//109 110//110
f 106//106 110//110 107//107
f 107//107 110//110 111//111
f 107//107 111//111 108//108
f 108//108 111//111 112//112
f 108//108 112//112 105//105
f 105//105 112//112 109//109
f 109//109 113//113 110//110
f 110//110 113//113 114//114
f 110//110 114//114 111//111
f 111//111 114//114 115//115
f 111//111 115//115 112//112
f 112//112 115//115 116//116
f 112//112 116//116 109//109
f 109//109 116//116 113//113
f 113//113 117//117 114//114
f 114//114 117//117 118//118
f 114//114 118//118 115//115
f 115//115 118//118 119//119
f 115//115 119//119 116//116
f 116//116 119//119 120//120
f 116//116 120//120 113//113
f 113//113 120//120 117//117
f 117//117 121//121 118//118
f 118//118 121//121 122//122
f 118//118 122//122 119//119
f 119//119 122//122 123//123
f 119//119 123//123 120//120
f 120//120 123//123 124//124
f 120//120 124//124 117//117
f 117//117 124//124 121//121
f 121//121 125//125 122//122
f 122//122 125//125 126//126
f 122//122 126//126 123//123
f 123//123 126//126 127//127
f 123//123 127//127 124//124
f 124//124 127//127 128//128
f 124//124 128//128 121//121
f 121//121 128//128 125//125
f 125//125 129//129 126//126
f 126//126 129//129 130//130
f 126//126 130//130 127//127
f 127//127 130//130 131//131
f 127//127 131//131 128//128
f 128//128 131//131 132//132
f 128//128 132//132 125//125
f 125//125 132//132 129//129
f 129//129 133//133 130//130
f 130//130 133//133 134//134
f 130//130 134//134 131//131
f 131//131 134//134 135//135
f 131//131 135//135 132//132
f 132//132 135//135 136//136
f 132//132 136//136 129//129
f 129//129 136//136 133//133
f 133//133 137//137 134//134
f 134//134 137//137 138//138
f 134//134 138//138 135//135
f 135//135 138//138 139//139
f 135//135 139//139 136//136
f 136//136 139//139 140//140
f 136//136 140//140 133//133
f 133//133 140//140 137//137
f 137//137 141//141 138//138
f 138//138 141//141 142//142
f 138//138 142//142 139//139
f 139//139 142//142 143//143
f 139//139 143//143 140//140
f 140//140 143//143 144//144
f 140//140 144//144 137//137
f 137//137 144//144 141//141
f 141//141 145//145 142//142
f 142//142 145//145 146//146
f 142//142 146//146 143//143
f 143//143 146//146 147//147
f 143//143 147//147 144//144
f 144//144 147//147 148//148
f 144//144 148//148 141//141
f 141//141 148//148 145//145
f 145//145 149//149 146//146
f 146//146 149//149 150//150
f 146//146 150//150 147//147
f 147//147 150//150 151//151
f 147//147 151//151 148//148
f 148//148 151//151 152//152
f 148//148 152//152 145//145
f 145//145 152//152 149//149
f 149//149 153//153 150//150
f 150//150 153//153 154//154
f 150//150 154//154 151//151
f 151//151 154//154 155//155
f 151//151 155//155 152//152
f 152//152 155//155 156//156
f 152//152 156//156 149//149
f 149//149 156//156 153//153
f 153//153 157//157 154//154
f 154//154 157//157 158//158
f 154//154 158//158 155//155
f 155//155 158//158 159//159
f 155//155 159//159 156//156
f 156//156 159//159 160//160
f 156//156 160//160 153//153
f 153//153 160//160 157//157
f 157//157 161//161 158//158
f 158//158 161//161 162//162
f 158//158 162//162 159//159
f 159//159 162//162 163//163
f 159//159 163//163 160//160
f 160//160 163//163 164//164
f 160//160 164//164 157//157
f 157//157 164//164 161//161
f 161//161 165//165 162//162
f 162//162 165//165 166//166
f 162//162 166//166 163//163
f 163//163 166//166 167//167
f 163//163 167//167 164//164
f 164//164 167//167 168//168
f 164//164 168//168 161//161
f 161//161 168//168 165//165
f 165//165 169//169 166//166
f 166//166 169//169 170//170
f 166//166 170//170 167//167
f 167//167 170//170 171//171
f 167//167 171//171 168//168
f 168//168 171//171 172//172
f 168//168 172//172 165//165
f 165//165 172//172 169//169
f 169//169 173//173 170//170
f 170//170 173//173 174//174
f 170//170 174//174 171//171
f 171//171 174//174 175//175
f 171//171 175//175 172//172
f 172//172 175//175 176//176
f 172//172 176//176 169//169
f 169//169 176//176 173//173
f 173//173 177//177 174//174
f 174//174 177//177 178//178
f 174//174 178//178 175//175
f 175//175 178//178 179//179
f 175//175 179//179 176//176
f 176//176 179//179 180//180
f 176//176 180//180 173//173
f 173//173 180//180 177//177
f 177//177 181//181 178//178
f 178//178 181//181 182//182
f 178//178 182//182 179//179
f 179//179 182//182 183//183
f 179//179 183//183 180//180
f 180//180 183//183 184//184
f 180//180 184//184 177//177
f 177//177 184//184 181//181
f 181//181 185//185 182//182
f 182//182 185//185 186//186
f 182//182 186//186 183//183
f 183//183 186//186 187//187
f 183//183 187//187 184//184
f 184//184 187//187 188//188
f 184//184 188//188 181//181
f 181//181 188//188 185//185
f 185//185 189//189 186//186
f 186//186 189//189 190//190
f 186//186 190//190 187//187
f 187//187 190//190 191//191
f 187//187 191//191 188//188
f 188//188 191//191 192//192
f 188//188 192//192 185//185
f 185//185 192//192 189//189
f 189//189 193//193 190//190
f 190//190 193//193 194//194
f 190//190 194//194 191//191
f 191//191 194//194 195//195
f 191//191 195//195 192//192
f 192//192 195//195 196//196
f 192//192 196//196 189//189
f 189//189 196//196 193//193
f 193//193 197//197 194//194
f 194//194 197//197 198//198
f 194//194 198//198 195//195
f 195//195 198//198 199//199
f 195//195 199//199 196//196
f 196//196 199//199 200//200
f 196//196 200//200 193//193
f 193//193 200//200 197//197
f 197//197 201//201 198//198
f 198//198 201//201 202//202
f 198//198 202//202 199//199
f 199//199 202//202 203//203
f 199//199 203//203 200//200
f 200//200 203//203 204//204
f 200//200 204//204 197//197
f 197//197 204//204 201//201
f 201//201 205//205 202//202
f 202//202 205//205 206//206
f 202//202 206//206 203//203
f 203//203 206//206 207//207
f 203//203 207//207 204//204
f 204//204 207//207 208//208
f 204//204 208//208 201//201
f 201//201 208//208 205//205
f 205//205 209//209 206//206
f 206//206 209//209 210//210
f 206//206 210//210 207//207
f 207//207 210//210 211//211
f 207//207 211//211 208//208
f 208//208 211//211 212//212
f 208//208 212//212 205//205
f 205//205 212//212 209//209
f 209//209 213//213 210//210
f 210//210 213//213 214//214
f 210//210 214//214 211//211
f 211//211 214//214 215//215
f 211//211 215//215 212//212
f 212//212 215//215 216//216
f 212//212 216//216 209//209
f 209//209 216//216 213//213
f 213//213 217//217 214//214
f 214//214 217//217 218//218
f 214//214 218//218 215//215
f 215//215 218//218 219//219
f 215//215 219//219 216//216
f 216//216 219//219 220//220
f 216//216 220//220 213//213
f 213//213 220//220 217//217
f 217//217 221//221 218//218
f 218//218 221//221 222//222
f 218//218 222//222 219//219
f 219//219 222//222 223//223
f 219//219 223//223 220//220
f 220//220 223//223 224//224
f 220//220 224//224 217//217
f 217//217 224//224 221//221
f 221//221 225//225 222//222
f 222//222 225//225 226//226
f 222//222 226//226 223//223
f 223//223 226//226 227//227
f 223//223 227//227 224//224
f 224//224 227//227 228//228
f 224//224 228//228 221//221
f 221//221 228//228 225//225
f 225//225 229//229 226//226
f 226//226 229//229 230//230
f 226//226 230//230 227//227
f 227//227 230//230 231//231
f 227//227 231//231 228//228
f 228//228 231//231 232//232
f 228//228 232//232 225//225
f 225//225 232//232 229//229
f 229//229 233//233 230//230
f 230//230 233//233 234//234
f 230//230 234//234 231//231
f 231//231 234//234 235//235
f 231//231 235//235 232//232
f 232//232 235//235 236//236
f 232//232 236//236 229//229
f 229//229 236//236 233//233
f 233//233 237//237 234//234
f 234//234 237//237 238//238
f 234//234 238//238 235//235
f 235//235 238//238 239//239
f 235//235 239//239 236//236
f 236//236 239//239 240//240
f 236//236 240//240 233//233
f 233//233 240//240 237//237
f 237//237 241//241 238//238
f 238//238 241//241 242//242
f 238//238 242//242 239//239
f 239//239 242//242 243//243
f 239//239 243//243 240//240
f 240//240 243//243 244//244
f 240//240 244//244 237//237
f 237//237 244//244 241//241
f 241//241 245//245 242//242
f 242//242 245//245 246//246
f 242//242 246//246 243//243
f 243//243 246//246 247//247
f 243//243 247//247 244//244
f 244//244 247//247 248//248
f 244//244 248//248 241//241
f 241//241 248//248 245//245
f 245//245 249//249 246//246
f 246//246 249//249 250//250
f 246//246 250//250 247//247
f 247//247 250//250 251//251
f 247//247 251//251 248//248
f 248//248 251//251 252//252
f 248//248 252//252 245//245
f 245//245 252//252 249//249
f 249//249 253//253 250//250
f 250//250 253//253 254//254
f 250//250 254//254 251//251
f 251//251 254//254 255//255
f 251//251 255//255 252//252
f 252//252 255//255 256//256
f 252//252 256//256 249//249
f 249//249 256//256 253//253
f 253//253 1//1 254//254
f 254//254 1//1 2//2
f 254//254 2//2 255//255
f 255//255 2//2 3//3
f 255//255 3//3 256//256
f 256//256 3//3 4//4
f 256//256 4//4 253//253
f 253//253 4//4 1//1
f 257//257 261//261 258//258
f 258//258 261//261 262//262
f 258//258 262//262 259//259
f 259//259 262//262 263//263
f 259//259 263//263 260//260
f 260//260 263//263 264//264
f 260//260 264//264 257//257
f 257//257 264//264 261//261
f 261//261 265//265 262//262
f 262//262 265//265 266//266
f 262//262 266//266 263//263
f 263//263 266//266 267//267
f 263//263 267//267 264//264
f 264//264 267//267 268//268
f 264//264 268//268 261//261
f 261//261 268//268 265//265
f 265//265 269//269 266//266
f 266//266 269//269 270//270
f 266//266 270//270 267//267
f 267//267 270//270 271//271
f 267//267 271//271 268//268
f 268//268 271//271 272//272
f 268//268 272//272 265//265
f 265//265 272//272 269//269
f 269//269 273//273 270//270
f 270//270 273//273 274//274
f 270//270 274//274 271//271
f 271//271 274//274 275//275
f 271//271 275//275 272//272
f 272//272 275//275 276//276
f 272//272 276//276 269//269
f 269//269 276//276 273//273
f 273//273 277//277 274//274
f 274//274 277//277 278//278
f 274//274 278//278 275//275
f 275//275 278//278 279//279
f 275//275 279//279 276//276
f 276//276 279//279 280//280
f 276//276 280//280 273//273
f 273//273 280//280 277//277
f 277//277 281//281 278//278
f 278//278 281//281 282//282
f 278//278 282//282 279//279
f 279//279 282//282 283//283
f 279//279 283//283 280//280
f 280//280 283//283 284//284
f 280//280 284//284 277//277
f 277//277 284//284 281//281
f 281//281 285//285 282//282
f 282//282 285//285 286//286
f 282//282 286//286 283//283
f 283//283 286//286 287//287
f 283//283 287//287 284//284
f 284//284 287//287 288//288
f 284//284 288//288 281//281
f 281//281 288//288 285//285
f 285//285 289//289 286//286
f 286//286 289//289 290//290
f 286//286 290//290 287//287
f 287//287 290//290 291//291
f 287//287 291//291 288//288
f 288//288 291//291 292//292
f 288//288 292//292 285//285
f 285//285 292//292 289//289
f 289//289 293//293 290//290
f 290//290 293//293 294//294
f 290//290 294//294 291//291
f 291//291 294//294 295//295
f 291//291 295//295 292//292
f 292//292 295//295 296//296
f 292//292 296//296 289//289
f 289//289 296//296 293//293
f 293//293 297//297 294//294
f 294//294 297//297 298//298
f 294//294 298//298 295//295
f 295//295 298//298 299//299
f 295//295 299//299 296//296
f 296//296 299//299 300//300
f 296//296 300//300 293//293
f 293//293 300//300 297//297
f 297//297 301//301 298//298
f 298//298 301//301 302//302
f 298//298 302//302 299//299
f 299//299 302//302 303//303
f 299//299 303//303 300//300
f 300//300 303//303 304//304
f 300//300 304//304 297//297
f 297//297 304//304 301//301
f 301//301 305//305 302//302
f 302//302 305//305 306//306
f 302//302 306//306 303//303
f 303//303 306//306 307//307
f 303//303 307//307 304//304
f 304//304 307//307 308//308
f 304//304 308//308 301//301
f 301//301 308//308 305//305
f 305//305 309//309 306//306
f 306//306 309//309 310//310
f 306//306 310//310 307//307
f 307//307 310//310 311//311
f 307//307 311//311 308//308
f 308//308 311//311 312//312
f 308//308 312//312 305//305
f 305//305 312//312 309//309
f 309//309 313//313 310//310
f 310//310 313//313 314//314
f 310//310 314//314 311//311
f 311//311 314//314 315//315
f 311//311 315//315 312//312
f 312//312 315//315 316//316
f 312//312 316//316 309//309
f 309//309 316//316 313//313
f 313//313 317//317 314//314
f 314//314 317//317 318//318
f 314//314 318//318 315//315
f 315//315 318//318 319//319
f 315//315 319//319 316//316
f 316//316 319//319 320//320
f 316//316 320//320 313//313
f 313//313 320//320 317//317
f 317//317 321//321 318//318
f 318//318 321//321 322//322
f 318//318 322//322 319//319
f 319//319 322//322 323//323
f 319//319 323//323 320//320
f 320//320 323//323 324//324
f 320//320 324//324 317//317
f 317//317 324//324 321//321
f 321//321 325//325 322//322
f 322//322 325//325 326//326
f 322//322 326//326 323//323
f 323//323 326//326 327//327
f 323//323 327//327 324//324
f 324//324 327//327 328//328
f 324//324 328//328 321//321
f 321//321 328//328 325//325
f 325//325 329//329 326//326
f 326//326 329//329 330//330
f 326//326 330//330 327//327
f 327//327 330//330 331//331
f 327//327 331//331 328//328
f 328//328 331//331 332//332
f 328//328 332//332 325//325
f 325//325 332//332 329//329
f 329//329 333//333 330//330
f 330//330 333//333 334//334
f 330//330 334//334 331//331
f 331//331 334//334 335//335
f 331//331 335//335 332//332
f 332//332 335//335 336//336
f 332//332 336//336 329//329
f 329//329 336//336 333//333
f 333//333 337//337 334//334
f 334//334 337//337 338//338
f 334//334 338//338 335//335
f 335//335 338//338 339//339
f 335//335 339//339 336//336
f 336//336 339//339 340//340
f 336//336 340//340 333//333
f 333//333 340//340 337//337
f 337//337 341//341 338//338
f 338//338 341//341 342//342
f 338//338 342//342 339//339
f 339//339 342//342 343//343
f 339//339 343//343 340//340
f 340//340 343//343 344//344
f 340//340 344//344 337//337
f 337//337 344//344 341//341
f 341//341 345//345 342//342
f 342//342 345//345 346//346
f 342//342 346//346 343//343
f 343//343 346//346 347//347
f 343//343 347//347 344//344
f 344//344 347//347 348//348
f 344//344 348//348 341//341
f 341//341 348//348 345//345
f 345//345 349//349 346//346
f 346//346 349//349 350//350
f 346//346 350//350 347//347
f 347//347 350//350 351//351
f 347//347 351//351 348//348
f 348//348 351//351 352//352
f 348//348 352//352 345//345
f 345//345 352//352 349//349
f 349//349 353//353 350//350
f 350//350 353//353 354//354
f 350//350 354//354 351//351
f 351//351 354//354 355//355
f 351//351 355//355 352//352
f 352//352 355//355 356//356
f 352//352 356//356 349//349
f 349//349 356//356 353//353
f 353//353 357//357 354//354
f 354//354 357//357 358//358
f 354//354 358//358 355//355
f 355//355 358//358 359//359
f 355//355 359//359 356//356
f 356//356 359//359 360//360
f 356//356 360//360 353//353
f 353//353 360//360 357//357
f 357//357 361//361 358//358
f 358//358 361//361 362//362
f 358//358 362//362 359//359
f 359//359 362//362 363//363
f 359//359 363//363 360//360
f 360//360 363//363 364//364
f 360//360 364//364 357//357
f 357//357 364//364 361//361
f 361//361 365//365 362//362
f 362//362 365//365 366//366
f 362//362 366//366 363//363
f 363//363 366//366 367//367
f 363//363 367//367 364//364
f 364//364 367//367 368//368
f 364//364 368//368 361//361
f 361//361 368//368 365//365
f 365//365 369//369 366//366
f 366//366 369//369 370//370
f 366//366 370//370 367//367
f 367//367 370//370 371//371
f 367//367 371//371 368//368
f 368//368 371//371 372//372
f 368//368 372//372 365//365
f 365//365 372//372 369//369
f 369//369 373//373 370//370
f 370//370 373//373 374//374
f 370//370 374//374 371//371
f 371//371 374//374 375//375
f 371//371 375//375 372//372
f 372//372 375//375 376//376
f 372//372 376//376 369//369
f 369//369 376//376 373//373
f 373//373 377//377 374//374
f 374//374 377//377 378//378
f 374//374 378//378 375//375
f 375//375 378//378 379//379
f 375//375 379//379 376//376
f 376//376 379//379 380//380
f 376//376 380//380 373//373
f 373//373 380//380 377//377
f 377//377 381//381 378//378
f 378//378 381//381 382//382
f 378//378 382//382 379//379
f 379//379 382//382 383//383
f 379//379 383//383 380//380
f 380//380 383//383 384//384
f 380//380 384//384 377//377
f 377//377 384//384 381//381
f 381//381 385//385 382//382
f 382//382 385//385 386//386
f 382//382 386//386 383//383
f 383//383 386//386 387//387
f 383//383 387//387 384//384
f 384//384 387//387 388//388
f 384//384 388//388 381//381
f 381//381 388//388 385//385
f 385//385 389//389 386//386
f 386//386 389//389 390//390
f 386//386 390//390 387//387
f 387//387 390//390 391//391
f 387//387 391//391 388//388
f 388//388 391//391 392//392
f 388//388 392//392 385//385
f 385//385 392//392 389//389
f 389//389 393//393 390//390
f 390//390 393//393 394//394
f 390//390 394//394 391//391
f 391//391 394//394 395//395
f 391//391 395//395 392//392
f 392//392 395//395 396//396
f 392//392 396//396 389//389
f 389//389 396//396 393//393
f 393//393 397//397 394//394
f 394//394 397//397 398//398
f 394//394 398//398 395//395
f 395//395 398//398 399//399
f 395//395 399//399 396//396
f 396//396 399//399 400//400
f 396//396 400//400 393//393
f 393//393 400//400 397//397
f 397//397 401//401 398//398
f 398//398 401//401 402//402
f 398//398 402//402 399//399
f 399//399 402//402 403//403
f 399//399 403//403 400//400
f 400//400 403//403 404//404
f 400//400 404//404 397//397
f 397//397 404//404 401//401
f 401//401 405//405 402//402
f 402//402 405//405 406//406
f 402//402 406//406 403//403
f 403//403 406//406 407//407
f 403//403 407//407 404//404
f 404//404 407//407 408//408
f 404//404 408//408 401//401
f 401//401 408//408 405//405
f 405//405 409//409 406//406
f 406//406 409//409 410//410
f 406//406 410//410 407//407
f 407//407 410//410 411//411
f 407//407 411//411 408//408
f 408//408 411//411 412//412
f 408//408 412//412 405//405
f 405//405 412//412 409//409
f 409//409 413//413 410//410
f 410//410 413//413 414//414
f 410//410 414//414 411//411
f 411//411 414//414 415//415
f 411//411 415//415 412//412
f 412//412 415//415 416//416
f 412//412 416//416 409//409
f 409//409 416//416 413//413
f 413//413 417//417 414//414
f 414//414 417//417 418//418
f 414//414 418//418 415//415
f 415//415 418//418 419//419
f 415//415 419//419 416//416
f 416//416 419//419 420//420
f 416//416 420//420 413//413
f 413//413 420//420 417//417
f 417//417 421//421 418//418
f 418//418 421//421 422//422
f 418//418 422//422 419//419
f 419//419 422//422 423//423
f 419//419 423//423 420//420
f 420//420 423//423 424//424
f 420//420 424//424 417//417
f 417//417 424//424 421//421
f 421//421 425//425 422//422
f 422//422 425//425 426//426
f 422//422 426//426 423//423
f 423//423 426//426 427//427
f 423//423 427//427 424//424
f 424//424 427//427 428//428
f 424//424 428//428 421//421
f 421//421 428//428 425//425
f 425//425 429//429 426//426
f 426//426 429//429 430//430
f 426//426 430//430 427//427
f 427//427 430//430 431//431
f 427//427 431//431 428//428
f 428//428 431//431 432//432
f 428//428 432//432 425//425
f 425//425 432//432 429//429
f 429//429 433//433 430//430
f 430//430 433//433 434//434
f 430//430 434//434 431//431
f 431//431 434//434 435//435
f 431//431 435//435 432//432
f 432//432 435//435 436//436
f 432//432 436//436 429//429
f 429//429 436//436 433//433
f 433//433 437//437 434//434
f 434//434 437//437 438//438
f 434//434 438//438 435//435
f 435//435 438//438 439//439
f 435//435 439//439 436//436
f 436//436 439//439 440//440
f 436//436 440//440 433//433
f 433//433 440//440 437//437
f 437//437 441//441 438//438
f 438//438 441//441 442//442
f 438//438 442//442 439//439
f 439//439 442//442 443//443
f 439//439 443//443 440//440
f 440//440 443//443 444//444
f 440//440 444//444 437//437
f 437//437 444//444 441//441
f 441//441 445//445 442//442
f 442//442 445//445 446//446
f 442//442 446//446 443//443
f 443//443 446//446 447//447
f 443//443 447//447 444//444
f 444//444 447//447 448//448
f 444//444 448//448 441//441
f 441//441 448//448 445//445
f 445//445 449//449 446//446
f 446//446 449//449 450//450
f 446//446 450//450 447//447
f 447//447 450//450 451//451
f 447//447 451//451 448//448
f 448//448 451//451 452//452
f 448//448 452//452 445//445
f 445//445 452//452 449//449
f 449//449 453//453 450//450
f 450//450 453//453 454//454
f 450//450 454//454 451//451
f 451//451 454//454 455//455
f 451//451 455//455 452//452
f 452//452 455//455 456//456
f 452//452 456//456 449//449
f 449//449 456//456 453//453
f 453//453 457//457 454//454
f 454//454 457//457 458//458
f 454//454 458//458 455//455
f 455//455 458//458 459//459
f 455//455 459//459 456//456
f 456//456 459//459 460//460
f 456//456 460//460 453//453
f 453//453 460//460 457//457
f 457//457 461//461 458//458
f 458//458 461//461 462//462
f 458//458 462//462 459//459
f 459//459 462//462 463//463
f 459//459 463//463 460//460
f 460//460 463//463 464//464
f 460//460 464//464 457//457
f 457//457 464//464 461//461
f 461//461 465//465 462//462
f 462//462 465//465 466//466
f 462//462 466//466 463//463
f 463//463 466//466 467//467
f 463//463 467//467 464//464
f 464//464 467//467 468//468
f 464//464 468//468 461//461
f 461//461 468//468 465//465
f 465//465 469//469 466//466
f 466//466 469//469 470//470
f 466//466 470//470 467//467
f 467//467 470//470 471//471
f 467//467 471//471 468//468
f 468//468 471//471 472//472
f 468//468 472//472 465//465
f 465//465 472//472 469//469
f 469//469 473//473 470//470
f 470//470 473//473 474//474
f 470//470 474//474 471//471
f 471//471 474//474 475//475
f 471//471 475//475 472//472
f 472//472 475//475 476//476
f 472//472 476//476 469//469
f 469//469 476//476 473//473
f 473//473 477//477 474//474
f 474//474 477//477 478//478
f 474//474 478//478 475//475
f 475//475 478//478 479//479
f 475//475 479//479 476//476
f 476//476 479//479 480//480
f 476//476 480//480 473//473
f 473//473 480//480 477//477
f 477//477 481//481 478//478
f 478//478 481//481 482//482
f 478//478 482//482 479//479
f 479//479 482//482 483//483
f 479//479 483//483 480//480
f 480//480 483//483 484//484
f 480//480 484//484 477//477
f 477//477 484//484 481//481
f 481//481 485//485 482//482
f 482//482 485//485 486//486
f 482//482 486//486 483//483
f 483//483 486//486 487//487
f 483//483 487//487 484//484
f 484//484 487//487 488//488
f 484//484 488//488 481//481
f 481//481 488//488 485//485
f 485//485 489//489 486//486
f 486//486 489//489 490//490
f 486//486 490//490 487//487
f 487//487 490//490 491//491
f 487//487 491//491 488//488
f 488//488 491//491 492//492
f 488//488 492//492 485//485
f 485//485 492//492 489//489
f 489//489 493//493 490//490
f 490//490 493//493 494//494
f 490//490 494//494 491//491
f 491//491 494//494 495//495
f 491//491 495//495 492//492
f 492//492 495//495 496//496
f 492//492 496//496 489//489
f 489//489 496//496 493//493
f 493//493 497//497 494//494
f 494//494 497//497 498//498
f 494//494 498//498 495//495
f 495//495 498//498 499//499
f 495//495 499//499 496//496
f 496//496 499//499 500//500
f 496//496 500//500 493//493
f 493//493 500//500 497//497
f 497//497 501//501 498//498
f 498//498 501//501 502//502
f 498//498 502//502 499//499
f 499//499 502//502 503//503
f 499//499 503//503 500//500
f 500//500 503//503 504//504
f 500//500 504//504 497//497
f 497//497 504//504 501//501
f 501//501 505//505 502//502
f 502//502 505//505 506//506
f 502//502 506//506 503//503
f 503//503 506//506 507//507
f 503//503 507//507 504//504
f 504//504 507//507 508//508
f 504//504 508//508 501//501
f 501//501 508//508 505//505
f 505//505 509//509 506//506
f 506//506 509//509 510//510
f 506//506 510//510 507//507
f 507//507 510//510 511//511
f 507//507 511//511 508//508
f 508//508 511//511 512//512
f 508//508 512//512 505//505
f 505//505 512//512 509//509
f 509//509 257//257 510//510
f 510//510 257//257 258//258
f 510//510 258//258 511//511
f 511//511 258//258 259//259
f 511//511 259//259 512//512
f 512//512 259//259 260//260
f 512//512 260//260 509//509
f 509//509 260//260 257//257
f 513//513 517//517 514//514
f 514//514 517//517 518//518
f 514//514 518//518 515//515
f 515//515 518//518 519//519
f 515//515 519//519 516//516
f 516//516 519//519 520//520
f 516//516 520//520 513//513
f 513//513 520//520 517//517
f 517//517 521//521 518//518
f 518//518 521//521 522//522
f 518//518 522//522 519//519
f 519//519 522//522 523//523
f 519//519 523//523 520//520
f 520//520 523//523 524//524
f 520//520 524//524 517//517
f 517//517 524//524 521//521
f 521//521 525//525 522//522
f 522//522 525//525 526//526
f 522//522 526//526 523//523
f 523//523 526//526 527//527
f 523//523 527//527 524//524
f 524//524 527//527 528//528
f 524//524 528//528 521//521
f 521//521 528//528 525//525
f 525//525 529//529 526//526
f 526//526 529//529 530//530
f 526//526 530//530 527//527
f 527//527 530//530 531//531
f 527//527 531//531 528//528
f 528//528 531//531 532//532
f 528//528 532//532 525//525
f 525//525 532//532 529//529
f 529//529 533//533 530//530
f 530//530 533//533 534//534
f 530//530 534//534 531//531
f 531//531 534//534 535//535
f 531//531 535//535 532//532
f 532//532 535//535 536//536
f 532//532 536//536 529//529
f 529//529 536//536 533//533
f 533//533 537//537 534//534
f 534//534 537//537 538//538
f 534//534 538//538 535//535
f 535//535 538//538 539//539
f 535//535 539//539 536//536
f 536//536 539//539 540//540
f 536//536 540//540 533//533
f 533//533 540//540 537//537
f 537//537 541//541 538//538
f 538//538 541//541 542//542
f 538//538 542//542 539//539
f 539//539 542//542 543//543
f 539//539 543//543 540//540
f 540//540 543//543 544//544
f 540//540 544//544 537//537
f 537//537 544//544 541//541
f 541//541 545//545 542//542
f 542//542 545//545 546//546
f 542//542 546//546 543//543
f 543//543 546//546 547//547
f 543//543 547//547 544//544
f 544//544 547//547 548//548
f 544//544 548//548 541//541
f 541//541 548//548 545//545
f 545//545 549//549 546//546
f 546//546 549//549 550//550
f 546//546 550//550 547//547
f 547//547 550//550 551//551
f 547//547 551//551 548//548
f 548//548 551//551 552//552
f 548//548 552//552 545//545
f 545//545 552//552 549//549
f 549//549 553//553 550//550
f 550//550 553//553 554//554
f 550//550 554//554 551//551
f 551//551 554//554 555//555
f 551//551 555//555 552//552
f 552//552 555//555 556//556
f 552//552 556//556 549//549
f 549//549 556//556 553//553
f 553//553 557//557 554//554
f 554//554 557//557 558//558
f 554//554 558//558 555//555
f 555//555 558//558 559//559
f 555//555 559//559 556//556
f 556//556 559//559 560//560
f 556//556 560//560 553//553
f 553//553 560//560 557//557
f 557//557 561//561 558//558
f 558//558 561//561 562//562
f 558//558 562//562 559//559
f 559//559 562//562 563//563
f 559//559 563//563 560//560
f 560//560 563//563 564//564
f 560//560 564//564 557//557
f 557//557 564//564 561//561
f 561//561 565//565 562//562
f 562//562 565//565 566//566
f 562//562 566//566 563//563
f 563//563 566//566 567//567
f 563//563 567//567 564//564
f 564//564 567//567 568//568
f 564//564 568//568 561//561
f 561//561 568//568 565//565
f 565//565 569//569 566//566
f 566//566 569//569 570//570
f 566//566 570//570 567//567
f 567//567 570//570 571//571
f 567//567 571//571 568//568
f 568//568 571//571 572//572
f 568//568 572//572 565//565
f 565//565 572//572 569//569
f 569//569 573//573 570//570
f 570//570 573//573 574//574
f 570//570 574//574 571//571
f 571//571 574//574 575//575
f 571//571 575//575 572//572
f 572//572 575//575 576//576
f 572//572 576//576 569//569
f 569//569 576//576 573//573
f 573//573 577//577 574//574
f 574//574 577//577 578//578
f 574//574 578//578 575//575
f 575//575 578//578 579//579
f 575//575 579//579 576//576
f 576//576 579//579 580//580
f 576//576 580//580 573//573
f 573//573 580//580 577//577
f 577//577 581//581 578//578
f 578//578 581//581 582//582
f 578//578 582//582 579//579
f 579//579 582//582 583//583
f 579//579 583//583 580//580
f 580//580 583//583 584//584
f 580//580 584//584 577//577
f 577//577 584//584 581//581
f 581//581 585//585 582//582
f 582//582 585//585 586//586
f 582//582 586//586 583//583
f 583//583 586//586 587//587
f 583//583 587//587 584//584
f 584//584 587//587 588//588
f 584//584 588//588 581//581
f 581//581 588//588 585//585
f 585//585 589//589 586//586
f 586//586 589//589 590//590
f 586//586 590//590 587//587
f 587//587 590//590 591//591
f 587//587 591//591 588//588
f 588//588 591//591 592//592
f 588//588 592//592 585//585
f 585//585 592//592 589//589
f 589//589 593//593 590//590
f 590//590 593//593 594//594
f 590//590 594//594 591//591
f 591//591 594//594 595//595
f 591//591 595//595 592//592
f 592//592 595//595 596//596
f 592//592 596//596 589//589
f 589//589 596//596 593//593
f 593//593 597//597 594//594
f 594//594 597//597 598//598
f 594//594 598//598 595//595
f 595//595 598//598 599//599
f 595//595 599//599 596//596
f 596//596 599//599 600//600
f 596//596 600//600 593//593
f 593//593 600//600 597//597
f 597//597 601//601 598//598
f 598//598 601//601 602//602
f 598//598 602//602 599//599
f 599//599 602//602 603//603
f 599//599 603//603 600//600
f 600//600 603//603 604//604
f 600//600 604//604 597//597
f 597//597 604//604 601//601
f 601//601 605//605 602//602
f 602//602 605//605 606//606
f 602//602 606//606 603//603
f 603//603 606//606 607//607
f 603//603 607//607 604//604
f 604//604 607//607 608//608
f 604//604 608//608 601//601
f 601//601 608//608 605//605
f 605//605 609//609 606//606
f 606//606 609//609 610//610
f 606//606 610//610 607//607
f 607//607 610//610 611//611
f 607//607 611//611 608//608
f 608//608 611//611 612//612
f 608//608 612//612 605//605
f 605//605 612//612 609//609
f 609//609 613//613 610//610
f 610//610 613//613 614//614
f 610//610 614//614 611//611
f 611//611 614//614 615//615
f 611//611 615//615 612//612
f 612//612 615//615 616//616
f 612//612 616//616 609//609
f 609//609 616//616 613//613
f 613//613 617//617 614//614
f 614//614 617//617 618//618
f 614//614 618//618 615//615
f 615//615 618//618 619//619
f 615//615 619//619 616//616
f 616//616 619//619 620//620
f 616//616 620//620 613//613
f 613//613 620//620 617//617
f 617//617 621//621 618//618
f 618//618 621//621 622//622
f 618//618 622//622 619//619
f 619//619 622//622 623//623
f 619//619 623//623 620//620
f 620//620 623//623 624//624
f 620//620 624//624 617//617
f 617//617 624//624 621//621
f 621//621 625//625 622//622
f 622//622 625//625 626//626
f 622//622 626//626 623//623
f 623//623 626//626 627//627
f 623//623 627//627 624//624
f 624//624 627//627 628//628
f 624//624 628//628 621//621
f 621//621 628//628 625//625
f 625//625 629//629 626//626
f 626//626 629//629 630//630
f 626//626 630//630 627//627
f 627//627 630//630 631//631
f 627//627 631//631 628//628
f 628//628 631//631 632//632
f 628//628 632//632 625//625
f 625//625 632//632 629//629
f 629//629 633//633 630//630
f 630//630 633//633 634//634
f 630//630 634//634 631//631
f 631//631 634//634 635//635
f 631//631 635//635 632//632
f 632//632 635//635 636//636
f 632//632 636//636 629//629
f 629//629 636//636 633//633
f 633//633 637//637 634//634
f 634//634 637//637 638//638
f 634//634 638//638 635//635
f 635//635 638//638 639//639
f 635//635 639//639 636//636
f 636//636 639//639 640//640
f 636//636 640//640 633//633
f 633//633 640//640 637//637
f 637//637 641//641 638//638
f 638//638 641//641 642//642
f 638//638 642//642 639//639
f 639//639 642//642 643//643
f 639//639 643//643 640//640
f 640//640 643//643 644//644
f 640//640 644//644 637//637
f 637//637 644//644 641//641
f 641//641 645//645 642//642
f 642//642 645//645 646//646
f 642//642 646//646 643//643
f 643//643 646//646 647//647
f 643//643 647//647 644//644
f 644//644 647//647 648//648
f 644//644 648//648 641//641
f 641//641 648//648 645//645
f 645//645 649//649 646//646
f 646//646 649//649 650//650
f 646//646 650//650 647//647
f 647//647 650//650 651//651
f 647//647 651//651 648//648
f 648//648 651//651 652//652
f 648//648 652//652 645//645
f 645//645 652//652 649//649
f 649//649 653//653 650//650
f 650//650 653//653 654//654
f 650//650 654//654 651//651
f 651//651 654//654 655//655
f 651//651 655//655 652//652
f 652//652 655//655 656//656
f 652//652 656//656 649//649
f 649//649 656//656 653//653
f 653//653 657//657 654//654
f 654//654 657//657 658//658
f 654//654 658//658 655//655
f 655//655 658//658 659//659
f 655//655 659//659 656//656
f 656//656 659//659 660//660
f 656//656 660//660 653//653
f 653//653 660//660 657//657
f 657//657 661//661 658//658
f 658//658 661//661 662//662
f 658//658 662//662 659//659
f 659//659 662//662 663//663
f 659//659 663//663 660//660
f 660//660 663//663 664//664
f 660//660 664//664 657//657
f 657//657 664//664 661//661
f 661//661 665//665 662//662
f 662//662 665//665 666//666
f 662//662 666//666 663//663
f 663//663 666//666 667//667
f 663//663 667//667 664//664
f 664//664 667//667 668//668
f 664//664 668//668 661//661
f 661//661 668//668 665//665
f 665//665 669//669 666//666
f 666//666 669//669 670//670
f 666//666 670//670 667//667
f 667//667 670//670 671//671
f 667//667 671//671 668//668
f 668//668 671//671 672//672
f 668//668 672//672 665//665
f 665//665 672//672 669//669
f 669//669 673//673 670//670
f 670//670 673//673 674//674
f 670//670 674//674 671//671
f 671//671 674//674 675//675
f 671//671 675//675 672//672
f 672//672 675//675 676//676
f 672//672 676//676 669//669
f 669//669 676//676 673//673
f 673//673 677//677 674//674
f 674//674 677//677 678//678
f 674//674 678//678 675//675
f 675//675 678//678 679//679
f 675//675 679//679 676//676
f 676//676 679//679 680//680
f 676//676 680//680 673//673
f 673//673 680//680 677//677
f 677//677 681//681 678//678
f 678//678 681//681 682//682
f 678//678 682//682 679//679
f 679//679 682//682 683//683
f 679//679 683//683 680//680
f 680//680 683//683 684//684
f 680//680 684//684 677//677
f 677//677 684//684 681//681
f 681//681 685//685 682//682
f 682//682 685//685 686//686
f 682//682 686//686 683//683
f 683//683 686//686 687//687
f 683//683 687//687 684//684
f 684//684 687//687 688//688
f 684//684 688//688 681//681
f 681//681 688//688 685//685
f 685//685 689//689 686//686
f 686//686 689//689 690//690
f 686//686 690//690 687//687
f 687//687 690//690 691//691
f 687//687 691//691 688//688
f 688//688 691//691 692//692
f 688//688 692//692 685//685
f 685//685 692//692 689//689
f 689//689 693//693 690//690
f 690//690 693//693 694//694
f 690//690 694//694 691//691
f 691//691 694//694 695//695
f 691//691 695//695 692//692
f 692//692 695//695 696//696
f 692//692 696//696 689//689
f 689//689 696//696 693//693
f 693//693 697//697 694//694
f 694//694 697//697 698//698
f 694//694 698//698 695//695
f 695//695 698//698 699//699
f 695//695 699//699 696//696
f 696//696 699//699 700//700
f 696//696 700//700 693//693
f 693//693 700//700 697//697
f 697//697 701//701 698//698
f 698//698 701//701 702//702
f 698//698 702//702 699//699
f 699//699 702//702 703//703
f 699//699 703//703 700//700
f 700//700 703//703 704//704
f 700//700 704//704 697//697
f 697//697 704//704 701//701
f 701//701 705//705 702//702
f 702//702 705//705 706//706
f 702//702 706//706 703//703
f 703//703 706//706 707//707
f 703//703 707//707 704//704
f 704//704 707//707 708//708
f 704//704 708//708 701//701
f 701//701 708//708 705//705
f 705//705 709//709 706//706
f 706//706 709//709 710//710
f 706//706 710//710 707//707
f 707//707 710//710 711//711
f 707//707 711//711 708//708
f 708//708 711//711 712//712
f 708//708 712//712 705//705
f 705//705 712//712 709//709
f 709//709 713//713 710//710
f 710//710 713//713 714//714
f 710//710 714//714 711//711
f 711//711 714//714 715//715
f 711//711 715//715 712//712
f 712//712 715//715 716//716
f 712//712 716//716 709//709
f 709//709 716//716 713//713
f 713//713 717//717 714//714
f 714//714 717//717 718//718
f 714//714 718//718 715//715
f 715//715 718//718 719//719
f 715//715 719//719 716//716
f 716//716 719//719 720//720
f 716//716 720//720 713//713
f 713//713 720//720 717//717
f 717//717 721//721 718//718
f 718//718 721//721 722//722
f 718//718 722//722 719//719
f 719//719 722//722 723//723
f 719//719 723//723 720//720
f 720//720 723//723 724//724
f 720//720 724//724 717//717
f 717//717 724//724 721//721
f 721//721 725//725 722//722
f 722//722 725//725 726//726
f 722//722 726//726 723//723
f 723//723 726//726 727//727
f 723//723 727//727 724//724
f 724//724 727//727 728//728
f 724//724 728//728 721//721
f 721//721 728//728 725//725
f 725//725 729//729 726//726
f 726//726 729//729 730//730
f 726//726 730//730 727//727
f 727//727 730//730 731//731
f 727//727 731//731 728//728
f 728//728 731//731 732//732
f 728//728 732//732 725//725
f 725//725 732//732 729//729
f 729//729 733//733 730//730
f 730//730 733//733 734//734
f 730//730 734//734 731//731
f 731//731 734//734 735//735
f 731//731 735//735 732//732
f 732//732 735//735 736//736
f 732//732 736//736 729//729
f 729//729 736//736 733//733
f 733//733 737//737 734//734
f 734//734 737//737 738//738
f 734//734 738//738 735//735
f 735//735 738//738 739//739
f 735//735 739//739 736//736
f 736//736 739//739 740//740
f 736//736 740//740 733//733
f 733//733 740//740 737//737
f 737//737 741//741 738//738
f 738//738 741//741 742//742
f 738//738 742//742 739//739
f 739//739 742//742 743//743
f 739//739 743//743 740//740
f 740//740 743//743 744//744
f 740//740 744//744 737//737
f 737//737 744//744 741//741
f 741//741 745//745 742//742
f 742//742 745//745 746//746
f 742//742 746//746 743//743
f 743//743 746//746 747//747
f 743//743 747//747 744//744
f 744//744 747//747 748//748
f 744//744 748//748 741//741
f 741//741 748//748 745//745
f 745//745 749//749 746//746
f 746//746 749//749 750//750
f 746//746 750//750 747//747
f 747//747 750//750 751//751
f 747//747 751//751 748//748
f 748//748 751//751 752//752
f 748//748 752//752 745//745
f 745//745 752//752 749//749
f 749//749 753//753 750//750
f 750//750 753//753 754//754
f 750//750 754//754 751//751
f 751//751 754//754 755//755
f 751//751 755//755 752//752
f 752//752 755//755 756//756
f 752//752 756//756 749//749
f 749//749 756//756 753//753
f 753//753 757//757 754//754
f 754//754 757//757 758//758
f 754//754 758//758 755//755
f 755//755 758//758 759//759
f 755//755 759//759 756//756
f 756//756 759//759 760//760
f 756//756 760//760 753//753
f 753//753 760//760 757//757
f 757//757 761//761 758//758
f 758//758 761//761 762//762
f 758//758 762//762 759//759
f 759//759 762//762 763//763
f 759//759 763//763 760//760
f 760//760 763//763 764//764
f 760//760 764//764 757//757
f 757//757 764//764 761//761
f 761//761 765//765 762//762
f 762//762 765//765 766//766
f 762//762 766//766 763//763
f 763//763 766//766 767//767
f 763//763 767//767 764//764
f 764//764 767//767 768//768
f 764//764 768//768 761//761
f 761//761 768//768 765//765
f 765//765 513//513 766//766
f 766//766 513//513 514//514
f 766//766 514//514 767//767
f 767//767 514//514 515//515
f 767//767 515//515 768//768
f 768//768 515//515 516//516
f 768//768 516//516 765//765
f 765//765 516//516 513//513
f 769//769 773//773 770//770
f 770//770 773//773 774//774
f 770//770 774//774 771//771
f 771//771 774//774 775//775
f 771//771 775//775 772//772
f 772//772 775//775 776//776
f 772//772 776//776 769//769
f 769//769 776//776 773//773
f 773//773 777//777 774//774
f 774//774 777//777 778//778
f 774//774 778//778 775//775
f 775//775 778//778 779//779
f 775//775 779//779 776//776
f 776//776 779//779 780//780
f 776//776 780//780 773//773
f 773//773 780//780 777//777
f 777//777 781//781 778//778
f 778//778 781//781 782//782
f 778//778 782//782 779//779
f 779//779 782//782 783//783
f 779//779 783//783 780//780
f 780//780 783//783 784//784
f 780//780 784//784 777//777
f 777//777 784//784 781//781
f 781//781 785//785 782//782
f 782//782 785//785 786//786
f 782//782 786//786 783//783
f 783//783 786//786 787//787
f 783//783 787//787 784//784
f 784//784 787//787 788//788
f 784//784 788//788 781//781
f 781//781 788//788 785//785
f 785//785 789//789 786//786
f 786//786 789//789 790//790
f 786//786 790//790 787//787
f 787//787 790//790 791//791
f 787//787 791//791 788//788
f 788//788 791//791 792//792
f 788//788 792//792 785//785
f 785//785 792//792 789//789
f 789//789 793//793 790//790
f 790//790 793//793 794//794
f 790//790 794//794 791//791
f 791//791 794//794 795//795
f 791//791 795//795 792//792
f 792//792 795//795 796//796
f 792//792 796//796 789//789
f 789//789 796//796 793//793
f 793//793 797//797 794//794
f 794//794 797//797 798//798
f 794//794 798//798 795//795
f 795//795 798//798 799//799
f 795//795 799//799 796//796
f 796//796 799//799 800//800
f 796//796 800//800 793//793
f 793//793 800//800 797//797
f 797//797 801//801 798//798
f 798//798 801//801 802//802
f 798//798 802//802 799//799
f 799//799 802//802 803//803
f 799//799 803//803 800//800
f 800//800 803//803 804//804
f 800//800 804//804 797//797
f 797//797 804//804 801//801
f 801//801 805//805 802//802
f 802//802 805//805 806//806
f 802//802 806//806 803//803
f 803//803 806//806 807//807
f 803//803 807//807 804//804
f 804//804 807//807 808//808
f 804//804 808//808 801//801
f 801//801 808//808 805//805
f 805//805 809//809 806//806
f 806//806 809//809 810//810
f 806//806 810//810 807//807
f 807//807 810//810 811//811
f 807//807 811//811 808//808
f 808//808 811//811 812//812
f 808//808 812//812 805//805
f 805//805 812//812 809//809
f 809//809 813//813 810//810
f 810//810 813//813 814//814
f 810//810 814//814 811//811
f 811//811 814//814 815//815
f 811//811 815//815 812//812
f 812//812 815//815 816//816
f 812//812 816//816 809//809
f 809//809 816//816 813//813
f 813//813 817//817 814//814
f 814//814 817//817 818//818
f 814//814 818//818 815//815
f 815//815 818//818 819//819
f 815//815 819//819 816//816
f 816//816 819//819 820//820
f 816//816 820//820 813//813
f 813//813 820//820 817//817
f 817//817 821//821 818//818
f 818//818 821//821 822//822
f 818//818 822//822 819//819
f 819//819 822//822 823//823
f 819//819 823//823 820//820
f 820//820 823//823 824//824
f 820//820 824//824 817//817
f 817//817 824//824 821//821
f 821//821 825//825 822//822
f 822//822 825//825 826//826
f 822//822 826//826 823//823
f 823//823 826//826 827//827
f 823//823 827//827 824//824
f 824//824 827//827 828//828
f 824//824 828//828 821//821
f 821//821 828//828 825//825
f 825//825 829//829 826//826
f 826//826 829//829 830//830
f 826//826 830//830 827//827
f 827//827 830//830 831//831
f 827//827 831//831 828//828
f 828//828 831//831 832//832
f 828//828 832//832 825//825
f 825//825 832//832 829//829
f 829//829 833//833 830//830
f 830//830 833//833 834//834
f 830//830 834//834 831//831
f 831//831 834//834 835//835
f 831//831 835//835 832//832
f 832//832 835//835 836//836
f 832//832 836//836 829//829
f 829//829 836//836 833//833
f 833//833 837//837 834//834
f 834//834 837//837 838//838
f 834//834 838//838 835//835
f 835//835 838//838 839//839
f 835//835 839//839 836//836
f 836//836 839//839 840//840
f 836//836 840//840 833//833
f 833//833 840//840 837//837
f 837//837 841//841 838//838
f 838//838 841//841 842//842
f 838//838 842//842 839//839
f 839//839 842//842 843//843
f 839//839 843//843 840//840
f 840//840 843//843 844//844
f 840//840 844//844 837//837
f 837//837 844//844 841//841
f 841//841 845//845 842//842
f 842//842 845//845 846//846
f 842//842 846//846 843//843
f 843//843 846//846 847//847
f 843//843 847//847 844//844
f 844//844 847//847 848//848
f 844//844 848//848 841//841
f 841//841 848//848 845//845
f 845//845 849//849 846//846
f 846//846 849//849 850//850
f 846//846 850//850 847//847
f 847//847 850//850 851//851
f 847//847 851//851 848//848
f 848//848 851//851 852//852
f 848//848 852//852 845//845
f 845//845 852//852 849//849
f 849//849 853//853 850//850
f 850//850 853//853 854//854
f 850//850 854//854 851//851
f 851//851 854//854 855//855
f 851//851 855//855 852//852
f 852//852 855//855 856//856
f 852//852 856//856 849//849
f 849//849 856//856 853//853
f 853//853 857//857 854//854
f 854//854 857//857 858//858
f 854//854 858//858 855//855
f 855//855 858//858 859//859
f 855//855 859//859 856//856
f 856//856 859//859 860//860
f 856//856 860//860 853//853
f 853//853 860//860 857//857
f 857//857 861//861 858//858
f 858//858 861//861 862//862
f 858//858 862//862 859//859
f 859//859 862//862 863//863
f 859//859 863//863 860//860
f 860//860 863//863 864//864
f 860//860 864//864 857//857
f 857//857 864//864 861//861
f 861//861 865//865 862//862
f 862//862 865//865 866//866
f 862//862 866//866 863//863
f 863//863 866//866 867//867
f 863//863 867//867 864//864
f 864//864 867//867 868//868
f 864//864 868//868 861//861
f 861//861 868//868 865//865
f 865//865 869//869 866//866
f 866//866 869//869 870//870
f 866//866 870//870 867//867
f 867//867 870//870 871//871
f 867//867 871//871 868//868
f 868//868 871//871 872//872
f 868//868 872//872 865//865
f 865//865 872//872 869//869
f 869//869 873//873 870//870
f 870//870 873//873 874//874
f 870//870 874//874 871//871
f 871//871 874//874 875//875
f 871//871 875//875 872//872
f 872//872 875//875 876//876
f 872//872 876//876 869//869
f 869//869 876//876 873//873
f 873//873 877//877 874//874
f 874//874 877//877 878//878
f 874//874 878//878 875//875
f 875//875 878//878 879//879
f 875//875 879//879 876//876
f 876//876 879//879 880//880
f 876//876 880//880 873//873
f 873//873 880//880 877//877
f 877//877 881//881 878//878
f 878//878 881//881 882//882
f 878//878 882//882 879//879
f 879//879 882//882 883//883
f 879//879 883//883 880//880
f 880//880 883//883 884//884
f 880//880 884//884 877//877
f 877//877 884//884 881//881
f 881//881 885//885 882//882
f 882//882 885//885 886//886
f 882//882 886//886 883//883
f 883//883 886//886 887//887
f 883//883 887//887 884//884
f 884//884 887//887 888//888
f 884//884 888//888 881//881
f 881//881 888//888 885//885
f 885//885 889//889 886//886
f 886//886 889//889 890//890
f 886//886 890//890 887//887
f 887//887 890//890 891//891
f 887//887 891//891 888//888
f 888//888 891//891 892//892
f 888//888 892//892 885//885
f 885//885 892//892 889//889
f 889//889 893//893 890//890
f 890//890 893//893 894//894
f 890//890 894//894 891//891
f 891//891 894//894 895//895
f 891//891 895//895 892//892
f 892//892 895//895 896//896
f 892//892 896//896 889//889
f 889//889 896//896 893//893
f 893//893 897//897 894//894
f 894//894 897//897 898//898
f 894//894 898//898 895//895
f 895//895 898//898 899//899
f 895//895 899//899 896//896
f 896//896 899//899 900//900
f 896//896 900//900 893//893
f 893//893 900//900 897//897
f 897//897 901//901 898//898
f 898//898 901//901 902//902
f 898//898 902//902 899//899
f 899//899 902//902 903//903
f 899//899 903//903 900//900
f 900//900 903//903 904//904
f 900//900 904//904 897//897
f 897//897 904//904 901//901
f 901//901 905//905 902//902
f 902//902 905//905 906//906
f 902//902 906//906 903//903
f 903//903 906//906 907//907
f 903//903 907//907 904//904
f 904//904 907//907 908//908
f 904//904 908//908 901//901
f 901//901 908//908 905//905
f 905//905 909//909 906//906
f 906//906 909//909 910//910
f 906//906 910//910 907//907
f 907//907 910//910 911//911
f 907//907 911//911 908//908
f 908//908 911//911 912//912
f 908//908 912//912 905//905
f 905//905 912//912 909//909
f 909//909 913//913 910//910
f 910//910 913//913 914//914
f 910//910 914//914 911//911
f 911//911 914//914 915//915
f 911//911 915//915 912//912
f 912//912 915//915 916//916
f 912//912 916//916 909//909
f 909//909 916//916 913//913
f 913//913 917//917 914//914
f 914//914 917//917 918//918
f 914//914 918//918 915//915
f 915//915 918//918 919//919
f 915//915 919//919 916//916
f 916//916 919//919 920//920
f 916//916 920//920 913//913
f 913//913 920//920 917//917
f 917//917 921//921 918//918
f 918//918 921//921 922//922
f 918//918 922//922 919//919
f 919//919 922//922 923//923
f 919//919 923//923 920//920
f 920//920 923//923 924//924
f 920//920 924//924 917//917
f 917//917 924//924 921//921
f 921//921 925//925 922//922
f 922//922 925//925 926//926
f 922//922 926//926 923//923
f 923//923 926//926 927//927
f 923//923 927//927 924//924
f 924//924 927//927 928//928
f 924//924 928//928 921//921
f 921//921 928//928 925//925
f 925//925 929//929 926//926
f 926//926 929//929 930//930
f 926//926 930//930 927//927
f 927//927 930//930 931//931
f 927//927 931//931 928//928
f 928//928 931//931 932//932
f 928//928 932//932 925//925
f 925//925 932//932 929//929
f 929//929 933//933 930//930
f 930//930 933//933 934//934
f 930//930 934//934 931//931
f 931//931 934//934 935//935
f 931//931 935//935 932//932
f 932//932 935//935 936//936
f 932//932 936//936 929//929
f 929//929 936//936 933//933
f 933//933 937//937 934//934
f 934//934 937//937 938//938
f 934//934 938//938 935//935
f 935//935 938//938 939//939
f 935//935 939//939 936//936
f 936//936 939//939 940//940
f 936//936 940//940 933//933
f 933//933 940//940 937//937
f 937//937 941//941 938//938
f 938//938 941//941 942//942
f 938//938 942//942 939//939
f 939//939 942//942 943//943
f 939//939 943//943 940//940
f 940//940 943//943 944//944
f 940//940 944//944 937//937
f 937//937 944//944 941//941
f 941//941 945//945 942//942
f 942//942 945//945 946//946
f 942//942 946//946 943//943
f 943//943 946//946 947//947
f 943//943 947//947 944//944
f 944//944 947//947 948//948
f 944//944 948//948 941//941
f 941//941 948//948 945//945
f 945//945 949//949 946//946
f 946//946 949//949 950//950
f 946//946 950//950 947//947
f 947//947 950//950 951//951
f 947//947 951//951 948//948
f 948//948 951//951 952//952
f 948//948 952//952 945//945
f 945//945 952//952 949//949
f 949//949 953//953 950//950
f 950//950 953//953 954//954
f 950//950 954//954 951//951
f 951//951 954//954 955//955
f 951//951 955//955 952//952
f 952//952 955//955 956//956
f 952//952 956//956 949//949
f 949//949 956//956 953//953
f 953//953 957//957 954//954
f 954//954 957//957 958//958
f 954//954 958//958 955//955
f 955//955 958//958 959//959
f 955//955 959//959 956//956
f 956//956 959//959 960//960
f 956//956 960//960 953//953
f 953//953 960//960 957//957
f 957//957 961//961 958//958
f 958//958 961//961 962//962
f 958//958 962//962 959//959
f 959//959 962//962 963//963
f 959//959 963//963 960//960
f 960//960 963//963 964//964
f 960//960 964//964 957//957
f 957//957 964//964 961//961
f 961//961 965//965 962//962
f 962//962 965//965 966//966
f 962//962 966//966 963//963
f 963//963 966//966 967//967
f 963//963 967//967 964//964
f 964//964 967//967 968//968
f 964//964 968//968 961//961
f 961//961 968//968 965//965
f 965//965 969//969 966//966
f 966//966 969//969 970//970
f 966//966 970//970 967//967
f 967//967 970//970 971//971
f 967//967 971//971 968//968
f 968//968 971//971 972//972
f 968//968 972//972 965//965
f 965//965 972//972 969//969
f 969//969 973//973 970//970
f 970//970 973//973 974//974
f 970//970 974//974 971//971
f 971//971 974//974 975//975
f 971//971 975//975 972//972
f 972//972 975//975 976//976
f 972//972 976//976 969//969
f 969//969 976//976 973//973
f 973//973 977//977 974//974
f 974//974 977//977 978//978
f 974//974 978//978 975//975
f 975//975 978//978 979//979
f 975//975 979//979 976//976
f 976//976 979//979 980//980
f 976//976 980//980 973//973
f 973//973 980//980 977//977
f 977//977 981//981 978//978
f 978//978 981//981 982//982
f 978//978 982//982 979//979
f 979//979 982//982 983//983
f 979//979 983//983 980//980
f 980//980 983//983 984//984
f 980//980 984//984 977//977
f 977//977 984//984 981//981
f 981//981 985//985 982//982
f 982//982 985//985 986//986
f 982//982 986//986 983//983
f 983//983 986//986 987//987
f 983//983 987//987 984//984
f 984//984 987//987 988//988
f 984//984 988//988 981//981
f 981//981 988//988 985//985
f 985//985 989//989 986//986
f 986//986 989//989 990//990
f 986//986 990//990 987//987
f 987//987 990//990 991//991
f 987//987 991//991 988//988
f 988//988 991//991 992//992
f 988//988 992//992 985//985
f 985//985 992//992 989//989
f 989//989 993//993 990//990
f 990//990 993//993 994//994
f 990//990 994//994 991//991
f 991//991 994//994 995//995
f 991//991 995//995 992//992
f 992//992 995//995 996//996
f 992//992 996//996 989//989
f 989//989 996//996 993//993
f 993//993 997//997 994//994
f 994//994 997//997 998//998
f 994//994 998//998 995//995
f 995//995 998//998 999//999
f 995//995 999//999 996//996
f 996//996 999//999 1000//1000
f 996//996 1000//1000 993//993
f 993//993 1000//1000 997//997
f 997//997 1001//1001 998//998
f 998//998 1001//1001 1002//1002
f 998//998 1002//1002 999//999
f 999//999 1002//1002 1003//1003
f 999//999 1003//1003 1000//1000
f 1000//1000 1003//1003 1004//1004
f 1000//1000 1004//1004 997//997
f 997//997 1004//1004 1001//1001
f 1001//1001 1005//1005 1002//1002
f 1002//1002 1005//1005 1006//1006
f 1002//1002 1006//1006 1003//1003
f 1003//1003 1006//1006 1007//1007
f 1003//1003 1007//1007 1004//1004
f 1004//1004 1007//1007 1008//1008
f 1004//1004 1008//1008 1001//1001
f 1001//1001 1008//1008 1005//1005
f 1005//1005 1009//1009 1006//1006
f 1006//1006 1009//1009 1010//1010
f 1006//1006 1010//1010 1007//1007
f 1007//1007 1010//1010 1011//1011
f 1007//1007 1011//1011 1008//1008
f 1008//1008 1011//1011 1012//1012
f 1008//1008 1012//1012 1005//1005
f 1005//1005 1012//1012 1009//1009
f 1009//1009 1013//1013 1010//1010
f 1010//1010 1013//1013 1014//1014
f 1010//1010 1014//1014 1011//1011
f 1011//1011 1014//1014 1015//1015
f 1011//1011 1015//1015 1012//1012
f 1012//1012 1015//1015 1016//1016
f 1012//1012 1016//1016 1009//1009
f 1009//1009 1016//1016 1013//1013
f 1013//1013 1017//1017 1014//1014
f 1014//1014 1017//1017 1018//1018
f 1014//1014 1018//1018 1015//1015
f 1015//1015 1018//1018 1019//1019
f 1015//1015 1019//1019 1016//1016
f 1016//1016 1019//1019 1020//1020
f 1016//1016 1020//1020 1013//1013
f 1013//1013 1020//1020 1017//1017
f 1017//1017 1021//1021 1018//1018
f 1018//1018 1021//1021 1022//1022
f 1018//1018 1022//1022 1019//1019
f 1019//1019 1022//1022 1023//1023
f 1019//1019 1023//1023 1020//1020
f 1020//1020 1023//1023 1024//1024
f 1020//1020 1024//1024 1017//1017
f 1017//1017 1024//1024 1021//1021
f 1021//1021 769//769 1022//1022
f 1022//1022 769//769 770//770
f 1022//1022 770//770 1023//1023
f 1023//1023 770//770 771//771
f 1023//1023 771//771 1024//1024
f 1024//1024 771//771 772//772
f 1024//1024 772//772 1021//1021
f 1021//1021 772//772 769//769
f 1025//1025 1029//1029 1026//1026
f 1026//1026 1029//1029 1030//1030
f 1026//1026 1030//1030 1027//1027
f 1027//1027 1030//1030 1031//1031
f 1027//1027 1031//1031 1028//1028
f 1028//1028 1031//1031 1032//1032
f 1028//1028 1032//1032 1025//1025
f 1025//1025 1032//1032 1029//1029
f 1029//1029 1033//1033 1030//1030
f 1030//1030 1033//1033 1034//1034
f 1030//1030 1034//1034 1031//1031
f 1031//1031 1034//1034 1035//1035
f 1031//1031 1035//1035 1032//1032
f 1032//1032 1035//1035 1036//1036
f 1032//1032 1036//1036 1029//1029
f 1029//1029 1036//1036 1033//1033
f 1033//1033 1037//1037 1034//1034
f 1034//1034 1037//1037 1038//1038
f 1034//1034 1038//1038 1035//1035
f 1035//1035 1038//1038 1039//1039
f 1035//1035 1039//1039 1036//1036
f 1036//1036 1039//1039 1040//1040
f 1036//1036 1040//1040 1033//1033
f 1033//1033 1040//1040 1037//1037
f 1037//1037 1041//1041 1038//1038
f 1038//1038 1041//1041 1042//1042
f 1038//1038 1042//1042 1039//1039
f 1039//1039 1042//1042 1043//1043
f 1039//1039 1043//1043 1040//1040
f 1040//1040 1043//1043 1044//1044
f 1040//1040 1044//1044 1037//1037
f 1037//1037 1044//1044 1041//1041
f 1041//1041 1045//1045 1042//1042
f 1042//1042 1045//1045 1046//1046
f 1042//1042 1046//1046 1043//1043
f 1043//1043 1046//1046 1047//1047
f 1043//1043 1047//1047 1044//1044
f 1044//1044 1047//1047 1048//1048
f 1044//1044 1048//1048 1041//1041
f 1041//1041 1048//1048 1045//1045
f 1045//1045 1049//1049 1046//1046
f 1046//1046 1049//1049 1050//1050
f 1046//1046 1050//1050 1047//1047
f 1047//1047 1050//1050 1051//1051
f 1047//1047 1051//1051 1048//1048
f 1048//1048 1051//1051 1052//1052
f 1048//1048 1052//1052 1045//1045
f 1045//1045 1052//1052 1049//1049
f 1049//1049 1053//1053 1050//1050
f 1050//1050 1053//1053 1054//1054
f 1050//1050 1054//1054 1051//1051
f 1051//1051 1054//1054 1055//1055
f 1051//1051 1055//1055 1052//1052
f 1052//1052 1055//1055 1056//1056
f 1052//1052 1056//1056 1049//1049
f 1049//1049 1056//1056 1053//1053
f 1053//1053 1057//1057 1054//1054
f 1054//1054 1057//1057 1058//1058
f 1054//1054 1058//1058 1055//1055
f 1055//1055 1058//1058 1059//1059
f 1055//1055 1059//1059 1056//1056
f 1056//1056 1059//1059 1060//1060
f 1056//1056 1060//1060 1053//1053
f 1053//1053 1060//1060 1057//1057
f 1057//1057 1061//1061 1058//1058
f 1058//1058 1061//1061 1062//1062
f 1058//1058 1062//1062 1059//1059
f 1059//1059 1062//1062 1063//1063
f 1059//1059 1063//1063 1060//1060
f 1060//1060 1063//1063 1064//1064
f 1060//1060 1064//1064 1057//1057
f 1057//1057 1064//1064 1061//1061
f 1061//1061 1065//1065 1062//1062
f 1062//1062 1065//1065 1066//1066
f 1062//1062 1066//1066 1063//1063
f 1063//1063 1066//1066 1067//1067
f 1063//1063 1067//1067 1064//1064
f 1064//1064 1067//1067 1068//1068
f 1064//1064 1068//1068 1061//1061
f 1061//1061 1068//1068 1065//1065
f 1065//1065 1069//1069 1066//1066
f 1066//1066 1069//1069 1070//1070
f 1066//1066 1070//1070 1067//1067
f 1067//1067 1070//1070 1071//1071
f 1067//1067 1071//1071 1068//1068
f 1068//1068 1071//1071 1072//1072
f 1068//1068 1072//1072 1065//1065
f 1065//1065 1072//1072 1069//1069
f 1069//1069 1073//1073 1070//1070
f 1070//1070 1073//1073 1074//1074
f 1070//1070 1074//1074 1071//1071
f 1071//1071 1074//1074 1075//1075
f 1071//1071 1075//1075 1072//1072
f 1072//1072 1075//1075 1076//1076
f 1072//1072 1076//1076 1069//1069
f 1069//1069 1076//1076 1073//1073
f 1073//1073 1077//1077 1074//1074
f 1074//1074 1077//1077 1078//1078
f 1074//1074 1078//1078 1075//1075
f 1075//1075 1078//1078 1079//1079
f 1075//1075 1079//1079 1076//1076
f 1076//1076 1079//1079 1080//1080
f 1076//1076 1080//1080 1073//1073
f 1073//1073 1080//1080 1077//1077
f 1077//1077 1081//1081 1078//1078
f 1078//1078 1081//1081 1082//1082
f 1078//1078 1082//1082 1079//1079
f 1079//1079 1082//1082 1083//1083
f 1079//1079 1083//1083 1080//1080
f 1080//1080 1083//1083 1084//1084
f 1080//1080 1084//1084 1077//1077
f 1077//1077 1084//1084 1081//1081
f 1081//1081 1085//1085 1082//1082
f 1082//1082 1085//1085 1086//1086
f 1082//1082 1086//1086 1083//1083
f 1083//1083 1086//1086 1087//1087
f 1083//1083 1087//1087 1084//1084
f 1084//1084 1087//1087 1088//1088
f 1084//1084 1088//1088 1081//1081
f 1081//1081 1088//1088 1085//1085
f 1085//1085 1089//1089 1086//1086
f 1086//1086 1089//1089 1090//1090
f 1086//1086 1090//1090 1087//1087
f 1087//1087 1090//1090 1091//1091
f 1087//1087 1091//1091 1088//1088
f 1088//1088 1091//1091 1092//1092
f 1088//1088 1092//1092 1085//1085
f 1085//1085 1092//1092 1089//1089
f 1089//1089 1093//1093 1090//1090
f 1090//1090 1093//1093 1094//1094
f 1090//1090 1094//1094 1091//1091
f 1091//1091 1094//1094 1095//1095
f 1091//1091 1095//1095 1092//1092
f 1092//1092 1095//1095 1096//1096
f 1092//1092 1096//1096 1089//1089
f 1089//1089 1096//1096 1093//1093
f 1093//1093 1097//1097 1094//1094
f 1094//1094 1097//1097 1098//1098
f 1094//1094 1098//1098 1095//1095
f 1095//1095 1098//1098 1099//1099
f 1095//1095 1099//1099 1096//1096
f 1096//1096 1099//1099 1100//1100
f 1096//1096 1100//1100 1093//1093
f 1093//1093 1100//1100 1097//1097
f 1097//1097 1101//1101 1098//1098
f 1098//1098 1101//1101 1102//1102
f 1098//1098 1102//1102 1099//1099
f 1099//1099 1102//1102 1103//1103
f 1099//1099 1103//1103 1100//1100
f 1100//1100 1103//1103 1104//1104
f 1100//1100 1104//1104 1097//1097
f 1097//1097 1104//1104 1101//1101
f 1101//1101 1105//1105 1102//1102
f 1102//1102 1105//1105 1106//1106
f 1102//1102 1106//1106 1103//1103
f 1103//1103 1106//1106 1107//1107
f 1103//1103 1107//1107 1104//1104
f 1104//1104 1107//1107 1108//1108
f 1104//1104 1108//1108 1101//1101
f 1101//1101 1108//1108 1105//1105
f 1105//1105 1109//1109 1106//1106
f 1106//1106 1109//1109 1110//1110
f 1106//1106 1110//1110 1107//1107
f 1107//1107 1110//1110 1111//1111
f 1107//1107 1111//1111 1108//1108
f 1108//1108 1111//1111 1112//1112
f 1108//1108 1112//1112 1105//1105
f 1105//1105 1112//1112 1109//1109
f 1109//1109 1113//1113 1110//1110
f 1110//1110 1113//1113 1114//1114
f 1110//1110 1114//1114 1111//1111
f 1111//1111 1114//1114 1115//1115
f 1111//1111 1115//1115 1112//1112
f 1112//1112 1115//1115 1116//1116
f 1112//1112 1116//1116 1109//1109
f 1109//1109 1116//1116 1113//1113
f 1113//1113 1117//1117 1114//1114
f 1114//1114 1117//1117 1118//1118
f 1114//1114 1118//1118 1115//1115
f 1115//1115 1118//1118 1119//1119
f 1115//1115 1119//1119 1116//1116
f 1116//1116 1119//1119 1120//1120
f 1116//1116 1120//1120 1113//1113
f 1113//1113 1120//1120 1117//1117
f 1117//1117 1121//1121 1118//1118
f 1118//1118 1121//1121 1122//1122
f 1118//1118 1122//1122 1119//1119
f 1119//1119 1122//1122 1123//1123
f 1119//1119 1123//1123 1120//1120
f 1120//1120 1123//1123 1124//1124
f 1120//1120 1124//1124 1117//1117
f 1117//1117 1124//1124 1121//1121
f 1121//1121 1125//1125 1122//1122
f 1122//1122 1125//1125 1126//1126
f 1122//1122 1126//1126 1123//1123
f 1123//1123 1126//1126 1127//1127
f 1123//1123 1127//1127 1124//1124
f 1124//1124 1127//1127 1128//1128
f 1124//1124 1128//1128 1121//1121
f 1121//1121 1128//1128 1125//1125
f 1125//1125 1129//1129 1126//1126
f 1126//1126 1129//1129 1130//1130
f 1126//1126 1130//1130 1127//1127
f 1127//1127 1130//1130 1131//1131
f 1127//1127 1131//1131 1128//1128
f 1128//1128 1131//1131 1132//1132
f 1128//1128 1132//1132 1125//1125
f 1125//1125 1132//1132 1129//1129
f 1129//1129 1133//1133 1130//1130
f 1130//1130 1133//1133 1134//1134
f 1130//1130 1134//1134 1131//1131
f 1131//1131 1134//1134 1135//1135
f 1131//1131 1135//1135 1132//1132
f 1132//1132 1135//1135 1136//1136
f 1132//1132 1136//1136 1129//1129
f 1129//1129 1136//1136 1133//1133
f 1133//1133 1137//1137 1134//1134
f 1134//1134 1137//1137 1138//1138
f 1134//1134 1138//1138 1135//1135
f 1135//1135 1138//1138 1139//1139
f 1135//1135 1139//1139 1136//1136
f 1136//1136 1139//1139 1140//1140
f 1136//1136 1140//1140 1133//1133
f 1133//1133 1140//1140 1137//1137
f 1137//1137 1141//1141 1138//1138
f 1138//1138 1141//1141 1142//1142
f 1138//1138 1142//1142 1139//1139
f 1139//1139 1142//1142 1143//1143
f 1139//1139 1143//1143 1140//1140
f 1140//1140 1143//1143 1144//1144
f 1140//1140 1144//1144 1137//1137
f 1137//1137 1144//1144 1141//1141
f 1141//1141 1145//1145 1142//1142
f 1142//1142 1145//1145 1146//1146
f 1142//1142 1146//1146 1143//1143
f 1143//1143 1146//1146 1147//1147
f 1143//1143 1147//1147 1144//1144
f 1144//1144 1147//1147 1148//1148
f 1144//1144 1148//1148 1141//1141
f 1141//1141 1148//1148 1145//1145
f 1145//1145 1149//1149 1146//1146
f 1146//1146 1149//1149 1150//1150
f 1146//1146 1150//1150 1147//1147
f 1147//1147 1150//1150 1151//1151
f 1147//1147 1151//1151 1148//1148
f 1148//1148 1151//1151 1152//1152
f 1148//1148 1152//1152 1145//1145
f 1145//1145 1152//1152 1149//1149
f 1149//1149 1153//1153 1150//1150
f 1150//1150 1153//1153 1154//1154
f 1150//1150 1154//1154 1151//1151
f 1151//1151 1154//1154 1155//1155
f 1151//1151 1155//1155 1152//1152
f 1152//1152 1155//1155 1156//1156
f 1152//1152 1156//1156 1149//1149
f 1149//1149 1156//1156 1153//1153
f 1153//1153 1157//1157 1154//1154
f 1154//1154 1157//1157 1158//1158
f 1154//1154 1158//1158 1155//1155
f 1155//1155 1158//1158 1159//1159
f 1155//1155 1159//1159 1156//1156
f 1156//1156 1159//1159 1160//1160
f 1156//1156 1160//1160 1153//1153
f 1153//1153 1160//1160 1157//1157
f 1157//1157 1161//1161 1158//1158
f 1158//1158 1161//1161 1162//1162
f 1158//1158 1162//1162 1159//1159
f 1159//1159 1162//1162 1163//1163
f 1159//1159 1163//1163 1160//1160
f 1160//1160 1163//1163 1164//1164
f 1160//1160 1164//1164 1157//1157
f 1157//1157 1164//1164 1161//1161
f 1161//1161 1165//1165 1162//1162
f 1162//1162 1165//1165 1166//1166
f 1162//1162 1166//1166 1163//1163
f 1163//1163 1166//1166 1167//1167
f 1163//1163 1167//1167 1164//1164
f 1164//1164 1167//1167 1168//1168
f 1164//1164 1168//1168 1161//1161
f 1161//1161 1168//1168 1165//1165
f 1165//1165 1169//1169 1166//1166
f 1166//1166 1169//1169 1170//1170
f 1166//1166 1170//1170 1167//1167
f 1167//1167 1170//1170 1171//1171
f 1167//1167 1171//1171 1168//1168
f 1168//1168 1171//1171 1172//1172
f 1168//1168 1172//1172 1165//1165
f 1165//1165 1172//1172 1169//1169
f 1169//1169 1173//1173 1170//1170
f 1170//1170 1173//1173 1174//1174
f 1170//1170 1174//1174 1171//1171
f 1171//1171 1174//1174 1175//1175
f 1171//1171 1175//1175 1172//1172
f 1172//1172 1175//1175 1176//1176
f 1172//1172 1176//1176 1169//1169
f 1169//1169 1176//1176 1173//1173
f 1173//1173 1177//1177 1174//1174
f 1174//1174 1177//1177 1178//1178
f 1174//1174 1178//1178 1175//1175
f 1175//1175 1178//1178 1179//1179
f 1175//1175 1179//1179 1176//1176
f 1176//1176 1179//1179 1180//1180
f 1176//1176 1180//1180 1173//1173
f 1173//1173 1180//1180 1177//1177
f 1177//1177 1181//1181 1178//1178
f 1178//1178 1181//1181 1182//1182
f 1178//1178 1182//1182 1179//1179
f 1179//1179 1182//1182 1183//1183
f 1179//1179 1183//1183 1180//1180
f 1180//1180 1183//1183 1184//1184
f 1180//1180 1184//1184 1177//1177
f 1177//1177 1184//1184 1181//1181
f 1181//1181 1185//1185 1182//1182
f 1182//1182 1185//1185 1186//1186
f 1182//1182 1186//1186 1183//1183
f 1183//1183 1186//1186 1187//1187
f 1183//1183 1187//1187 1184//1184
f 1184//1184 1187//1187 1188//1188
f 1184//1184 1188//1188 1181//1181
f 1181//1181 1188//1188 1185//1185
f 1185//1185 1189//1189 1186//1186
f 1186//1186 1189//1189 1190//1190
f 1186//1186 1190//1190 1187//1187
f 1187//1187 1190//1190 1191//1191
f 1187//1187 1191//1191 1188//1188
f 1188//1188 1191//1191 1192//1192
f 1188//1188 1192//1192 1185//1185
f 1185//1185 1192//1192 1189//1189
f 1189//1189 1193//1193 1190//1190
f 1190//1190 1193//1193 1194//1194
f 1190//1190 1194//1194 1191//1191
f 1191//1191 1194//1194 1195//1195
f 1191//1191 1195//1195 1192//1192
f 1192//1192 1195//1195 1196//1196
f 1192//1192 1196//1196 1189//1189
f 1189//1189 1196//1196 1193//1193
f 1193//1193 1197//1197 1194//1194
f 1194//1194 1197//1197 1198//1198
f 1194//1194 1198//1198 1195//1195
f 1195//1195 1198//1198 1199//1199
f 1195//1195 1199//1199 1196//1196
f 1196//1196 1199//1199 1200//1200
f 1196//1196 1200//1200 1193//1193
f 1193//1193 1200//1200 1197//1197
f 1197//1197 1201//1201 1198//1198
f 1198//1198 1201//1201 1202//1202
f 1198//1198 1202//1202 1199//1199
f 1199//1199 1202//1202 1203//1203
f 1199//1199 1203//1203 1200//1200
f 1200//1200 1203//1203 1204//1204
f 1200//1200 1204//1204 1197//1197
f 1197//1197 1204//1204 1201//1201
f 1201//1201 1205//1205 1202//1202
f 1202//1202 1205//1205 1206//1206
f 1202//1202 1206//1206 1203//1203
f 1203//1203 1206//1206 1207//1207
f 1203//1203 1207//1207 1204//1204
f 1204//1204 1207//1207 1208//1208
f 1204//1204 1208//1208 1201//1201
f 1201//1201 1208//1208 1205//1205
f 1205//1205 1209//1209 1206//1206
f 1206//1206 1209//1209 1210//1210
f 1206//1206 1210//1210 1207//1207
f 1207//1207 1210//1210 1211//1211
f 1207//1207 1211//1211 1208//1208
f 1208//1208 1211//1211 1212//1212
f 1208//1208 1212//1212 1205//1205
f 1205//1205 1212//1212 1209//1209
f 1209//1209 1213//1213 1210//1210
f 1210//1210 1213//1213 1214//1214
f 1210//1210 1214//1214 1211//1211
f 1211//1211 1214//1214 1215//1215
f 1211//1211 1215//1215 1212//1212
f 1212//1212 1215//1215 1216//1216
f 1212//1212 1216//1216 1209//1209
f 1209//1209 1216//1216 1213//1213
f 1213//1213 1217//1217 1214//1214
f 1214//1214 1217//1217 1218//1218
f 1214//1214 1218//1218 1215//1215
f 1215//1215 1218//1218 1219//1219
f 1215//1215 1219//1219 1216//1216
f 1216//1216 1219//1219 1220//1220
f 1216//1216 1220//1220 1213//1213
f 1213//1213 1220//1220 1217//1217
f 1217//1217 1221//1221 1218//1218
f 1218//1218 1221//1221 1222//1222
f 1218//1218 1222//1222 1219//1219
f 1219//1219 1222//1222 1223//1223
f 1219//1219 1223//1223 1220//1220
f 1220//1220 1223//1223 1224//1224
f 1220//1220 1224//1224 1217//1217
f 1217//1217 1224//1224 1221//1221
f 1221//1221 1225//1225 1222//1222
f 1222//1222 1225//1225 1226//1226
f 1222//1222 1226//1226 1223//1223
f 1223//1223 1226//1226 1227//1227
f 1223//1223 1227//1227 1224//1224
f 1224//1224 1227//1227 1228//1228
f 1224//1224 1228//1228 1221//1221
f 1221//1221 1228//1228 1225//1225
f 1225//1225 1229//1229 1226//1226
f 1226//1226 1229//1229 1230//1230
f 1226//1226 1230//1230 1227//1227
f 1227//1227 1230//1230 1231//1231
f 1227//1227 1231//1231 1228//1228
f 1228//1228 1231//1231 1232//1232
f 1228//1228 1232//1232 1225//1225
f 1225//1225 1232//1232 1229//1229
f 1229//1229 1233//1233 1230//1230
f 1230//1230 1233//1233 1234//1234
f 1230//1230 1234//1234 1231//1231
f 1231//1231 1234//1234 1235//1235
f 1231//1231 1235//1235 1232//1232
f 1232//1232 1235//1235 1236//1236
f 1232//1232 1236//1236 1229//1229
f 1229//1229 1236//1236 1233//1233
f 1233//1233 1237//1237 1234//1234
f 1234//1234 1237//1237 1238//1238
f 1234//1234 1238//1238 1235//1235
f 1235//1235 1238//1238 1239//1239
f 1235//1235 1239//1239 1236//1236
f 1236//1236 1239//1239 1240//1240
f 1236//1236 1240//1240 1233//1233
f 1233//1233 1240//1240 1237//1237
f 1237//1237 1241//1241 1238//1238
f 1238//1238 1241//1241 1242//1242
f 1238//1238 1242//1242 1239//1239
f 1239//1239 1242//1242 1243//1243
f 1239//1239 1243//1243 1240//1240
f 1240//1240 1243//1243 1244//1244
f 1240//1240 1244//1244 1237//1237
f 1237//1237 1244//1244 1241//1241
f 1241//1241 1245//1245 1242//1242
f 1242//1242 1245//1245 1246//1246
f 1242//1242 1246//1246 1243//1243
f 1243//1243 1246//1246 1247//1247
f 1243//1243 1247//1247 1244//1244
f 1244//1244 1247//1247 1248//1248
f 1244//1244 1248//1248 1241//1241
f 1241//1241 1248//1248 1245//1245
f 1245//1245 1249//1249 1246//1246
f 1246//1246 1249//1249 1250//1250
f 1246//1246 1250//1250 1247//1247
f 1247//1247 1250//1250 1251//1251
f 1247//1247 1251//1251 1248//1248
f 1248//1248 1251//1251 1252//1252
f 1248//1248 1252//1252 1245//1245
f 1245//1245 1252//1252 1249//1249
f 1249//1249 1253//1253 1250//1250
f 1250//1250 1253//1253 1254//1254
f 1250//1250 1254//1254 1251//1251
f 1251//1251 1254//1254 1255//1255
f 1251//1251 1255//1255 1252//1252
f 1252//1252 1255//1255 1256//1256
f 1252//1252 1256//1256 1249//1249
f 1249//1249 1256//1256 1253//1253
f 1253//1253 1257//1257 1254//1254
f 1254//1254 1257//1257 1258//1258
f 1254//1254 1258//1258 1255//1255
f 1255//1255 1258//1258 1259//1259
f 1255//1255 1259//1259 1256//1256
f 1256//1256 1259//1259 1260//1260
f 1256//1256 1260//1260 1253//1253
f 1253//1253 1260//1260 1257//1257
f 1257//1257 1261//1261 1258//1258
f 1258//1258 1261//1261 1262//1262
f 1258//1258 1262//1262 1259//1259
f 1259//1259 1262//1262 1263//1263
f 1259//1259 1263//1263 1260//1260
f 1260//1260 1263//1263 1264//1264
f 1260//1260 1264//1264 1257//1257
f 1257//1257 1264//1264 1261//1261
f 1261//1261 1265//1265 1262//1262
f 1262//1262 1265//1265 1266//1266
f 1262//1262 1266//1266 1263//1263
f 1263//1263 1266//1266 1267//1267
f 1263//1263 1267//1267 1264//1264
f 1264//1264 1267//1267 1268//1268
f 1264//1264 1268//1268 1261//1261
f 1261//1261 1268//1268 1265//1265
f 1265//1265 1269//1269 1266//1266
f 1266//1266 1269//1269 1270//1270
f 1266//1266 1270//1270 1267//1267
f 1267//1267 1270//1270 1271//1271
f 1267//1267 1271//1271 1268//1268
f 1268//1268 1271//1271 1272//1272
f 1268//1268 1272//1272 1265//1265
f 1265//1265 1272//1272 1269//1269
f 1269//1269 1273//1273 1270//1270
f 1270//1270 1273//1273 1274//1274
f 1270//1270 1274//1274 1271//1271
f 1271//1271 1274//1274 1275//1275
f 1271//1271 1275//1275 1272//1272
f 1272//1272 1275//1275 1276//1276
f 1272//1272 1276//1276 1269//1269
f 1269//1269 1276//1276 1273//1273
f 1273//1273 1277//1277 1274//1274
f 1274//1274 1277//1277 1278//1278
f 1274//1274 1278//1278 1275//1275
f 1275//1275 1278//1278 1279//1279
f 1275//1275 1279//1279 1276//1276
f 1276//1276 1279//1279 1280//1280
f 1276//1276 1280//1280 1273//1273
f 1273//1273 1280//1280 1277//1277
f 1277//1277 1025//1025 1278//1278
f 1278//1278 1025//1025 1026//1026
f 1278//1278 1026//1026 1279//1279
f 1279//1279 1026//1026 1027//1027
f 1279//1279 1027//1027 1280//1280
f 1280//1280 1027//1027 1028//1028
f 1280//1280 1028//1028 1277//1277
f 1277//1277 1028//1028 1025//1025

